    1/   0 :                            ; ================================================================
    2/   0 :                            ; SR0106 Z8611 Firmware — ASL assembler source
    3/   0 :                            ; AUTO-GENERATED by unidasm_to_asl.py — do not edit directly.
    4/   0 :                            ; All labels, comments, and section names are maintained in
    5/   0 :                            ; unidasm_to_asl.py. Re-run to regenerate after changes.
    6/   0 :                            ; ================================================================
    7/   0 :                            ; Source ROM: sr0106_patched.bin
    8/   0 :                            ; Target: ASL assembler (Z8601 CPU). Assembles to byte-exact ROM copy.
    9/   0 :                            ;
   10/   0 :                                    CPU     Z8601
   11/   0 :                                    ASSUME  RP:0
   12/   0 :                            
   13/   0 :                            ; Working register aliases (synthesis code)
   14/   0 : =R0                        PORT0_DAC       EQU     R0      ; Port 0 DAC
   15/   0 : =R1                        PORT1           EQU     R1      ; Port 1 readback (pitch envelope from master COP)
   16/   0 : =R2                        PORT2           EQU     R2      ; Port 2 readback (bus state: bit 2=RARC)
   17/   0 : =R3                        PORT3           EQU     R3      ; Port 3 readback (EXSLA bits 2:1, ECLK bit 3)
   18/   0 : =R4                        ZERO            EQU     R4      ; always 0 (cleared at synthesis_loop_entry)
   19/   0 : =R5                        MICRO_OP        EQU     R5      ; current micro-op dispatch address (IRQ4 target)
   20/   0 : =R6                        TIMER_LOAD      EQU     R6      ; timer reload value (written to T0 by IRQ1)
   21/   0 : =R7                        PHASE           EQU     R7      ; waveform phase accumulator / table index
   22/   0 : =R8                        ACC_HI          EQU     R8      ; accumulator high byte (frequency deviation)
   23/   0 : =R9                        ACC_LO          EQU     R9      ; accumulator low byte
   24/   0 : =R14                       WAVE_R14        EQU     R14     ; frequency step / phase increment
   25/   0 : =R15                       WAVE_R15        EQU     R15     ; previous waveform sample (interpolation)
   26/   0 :                            
   27/   0 :                            ; Memory-mapped register aliases (absolute addresses)
   28/   0 : =10H                       MODE            EQU     10h     ; mode register (from slave_ram[$FA])
   29/   0 : =11H                       LFSR_VIB_STATE  EQU     11h     ; LFSR high byte / vibrato running state
   30/   0 : =12H                       PITCH_HI        EQU     12h     ; pitch coeff high: [7:6]=EXSLA [3:0]=coeff.hi (slave_ram[$FC] + EXSLA from Port 3)
   31/   0 : =13H                       PITCH_LO        EQU     13h     ; pitch coeff low = coeff.lo (from slave_ram[$FD])
   32/   0 : =14H                       ACC2_HI         EQU     14h     ; secondary accumulator high (NOT R14!)
   33/   0 : =15H                       ACC2_LO         EQU     15h     ; secondary accumulator low (NOT R15!)
   34/   0 : =16H                       ACC3_HI         EQU     16h     ; tertiary accumulator high
   35/   0 : =17H                       ACC3_LO         EQU     17h     ; tertiary accumulator low
   36/   0 : =18H                       LOOP1_CTR       EQU     18h     ; primary loop counter
   37/   0 : =19H                       LOOP2_CTR       EQU     19h     ; secondary loop counter
   38/   0 : =1AH                       PITCH_ENV       EQU     1Ah     ; pitch envelope (from Master, read via Port 1 from slave ram bus-idle address 0xff)
   39/   0 : =1BH                       PROG_CTR        EQU     1Bh     ; micro-program counter (indexes $1D-$3C)
   40/   0 : =1CH                       BLOCK_CTR       EQU     1Ch     ; block/phase counter (LFSR countdown / coeff toggle)
   41/   0 : =1DH                       TIMER_VAL       EQU     1Dh     ; timer reload / pitch (set by synthesis_output)
   42/   0 : =1EH                       MICRO_OP_NEXT   EQU     1Eh     ; micro-op chain address (set by synthesis_output)
   43/   0 :                            
   44/   0 :                            
   45/   0 :                            ; === Interrupt vector table (6 vectors × 2 bytes) ===
   46/   0 :                                    ORG     0000h
   47/   0 : 02 3A                              DW      023Ah      ; IRQ0/P3.2    → init_full
   48/   2 : 0E BE                              DW      0EBEh      ; IRQ1/P3.3    → irq1_handler
   49/   4 : 02 3A                              DW      023Ah      ; IRQ2/P3.1    → init_full
   50/   6 : 02 E0                              DW      02E0h      ; IRQ3/P3.0    → irq3_handler
   51/   8 : 00 0F                              DW      000Fh      ; IRQ4/T0      → irq4_handler
   52/   A : 02 3A                              DW      023Ah      ; IRQ5/T1      → init_full
   53/   C :                            
   54/   C :                                    ORG     000Ch
   55/   C :                            
   56/   C :                            ; ============================================================
   57/   C :                            ; === RESET ENTRY ($000C) ===
   58/   C :                            ; ============================================================
   59/   C :                                    ORG     000Ch
   60/   C :                            reset_entry:
   61/   C : 8D 02 3A                           JP      init_full
   62/   F :                            
   63/   F :                            ; ============================================================
   64/   F :                            ; === IRQ4 — Phase Accumulator + Micro-Op Dispatch ($000F) ===
   65/   F :                            ; ============================================================
   66/   F :                                    ORG     000Fh
   67/   F :                            irq4_handler:
   68/   F :                            ; IRQ4 handler: fractional timer dither + micro-op dispatch.
   69/   F :                            ; SPH holds an 8-bit dither pattern (from pitch_output ROM[$0232] table).
   70/   F :                            ; Each IRQ4: rotate pattern left, carry adds 0 or 1 to timer reload.
   71/   F :                            ; This dithers the sample rate by ±1 timer tick, giving 3 bits of
   72/   F :                            ; sub-sample pitch resolution (8 dither patterns = 0/8 to 7/8 fractional).
   73/   F : 90 FE                              RL      0FEh                            ; 0FE=SPH (phase accumulator high)
   74/  11 : 12 64                              ADC     TIMER_LOAD, ZERO                ; R6 += carry (0 or 1) — dithered timer value
   75/  13 : 69 F4                              LD      0F4h, TIMER_LOAD                ; 0F4=T0 (timer 0 counter)  ; reload T0 with dithered value
   76/  15 : 68 1D                              LD      TIMER_LOAD, TIMER_VAL           ; restore R6 = base timer value from TIMER_VAL (reg[$1D])
   77/  17 : 30 E4                              JP      @RR4                            ; dispatch to micro-op at address R4:R5 (R4=ZERO=$00)
   78/  19 :                            
   79/  19 :                            ; ============================================================
   80/  19 :                            ; === Micro-op: Init/silence ($19). Output $80 (center), R7=$40, R5=reg[$1E] ($0019) ===
   81/  19 :                            ; ============================================================
   82/  19 :                                    ORG     0019h
   83/  19 :                            micro_silence:
   84/  19 : 0C 80                              LD      PORT0_DAC, #80h
   85/  1B : 58 1E                              LD      MICRO_OP, MICRO_OP_NEXT
   86/  1D : 7C 00                              LD      PHASE, #00h
   87/  1F : BF                                 IRET
   88/  20 :                            
   89/  20 :                            ; ============================================================
   90/  20 :                            ; === Micro-op: 8× oversample step 1/8 ($20). OR PHASE,#$40 for @R7 indirect access ($0020) ===
   91/  20 :                            ; ============================================================
   92/  20 :                                    ORG     0020h
   93/  20 :                            micro_8x_step1:
   94/  20 :                            ; 8x oversampled linear scan (Mode A sub 0-5). Lowest pitch range.
   95/  20 :                            ; 8 IRQ4 steps per single phase advance. T=$80.
   96/  20 :                            ; All 8 steps output interpolated samples. Phase advances once (step 7).
   97/  20 :                            ; R14/R15 = working accumulators (read+written by chain).
   98/  20 :                            ; Chain: $20->$2C->$37->$44->$51->$5E->$6A->$76->(reg[$1E]=$20).
   99/  20 : 08 EF                              LD      PORT0_DAC, WAVE_R15
  100/  22 : 5C 2C                              LD      MICRO_OP, #2Ch
  101/  24 : 46 E7 40                           OR      PHASE, #40h
  102/  27 : 02 FE                              ADD     WAVE_R15, WAVE_R14
  103/  29 : C0 EF                              RRC     WAVE_R15
  104/  2B : BF                                 IRET
  105/  2C :                            
  106/  2C :                            ; ============================================================
  107/  2C :                            ; === Micro-op: 8× oversample step 2/8 ($2C). ADD R14,@R7 ($002C) ===
  108/  2C :                            ; ============================================================
  109/  2C :                                    ORG     002Ch
  110/  2C :                            micro_8x_step2:
  111/  2C : 08 EF                              LD      PORT0_DAC, WAVE_R15
  112/  2E : 5C 37                              LD      MICRO_OP, #37h
  113/  30 : F8 EE                              LD      WAVE_R15, WAVE_R14
  114/  32 : 03 F7                              ADD     WAVE_R15, @PHASE
  115/  34 : C0 EF                              RRC     WAVE_R15
  116/  36 : BF                                 IRET
  117/  37 :                            
  118/  37 :                            ; ============================================================
  119/  37 :                            ; === Micro-op: 8× oversample step 3/8 ($37). INC R7, lookup @R7 fwd ($0037) ===
  120/  37 :                            ; ============================================================
  121/  37 :                                    ORG     0037h
  122/  37 :                            micro_8x_step3:
  123/  37 : 08 EE                              LD      PORT0_DAC, WAVE_R14
  124/  39 : 5C 44                              LD      MICRO_OP, #44h
  125/  3B : 7E                                 INC     PHASE
  126/  3C : 5B 03                              JR      MI, .micro_lookup_overflow
  127/  3E : E3 E7                              LD      WAVE_R14, @PHASE
  128/  40 : BF                                 IRET
  129/  41 :                            .micro_lookup_overflow:                                ; 1 refs
  130/  41 : E8 40                              LD      WAVE_R14, 40h
  131/  43 : BF                                 IRET
  132/  44 :                            
  133/  44 :                            ; ============================================================
  134/  44 :                            ; === Micro-op: 8× oversample step 4/8 ($44). DEC R7, lookup @R7 bwd ($0044) ===
  135/  44 :                            ; ============================================================
  136/  44 :                                    ORG     0044h
  137/  44 :                            micro_8x_step4:
  138/  44 : 08 EF                              LD      PORT0_DAC, WAVE_R15
  139/  46 : 5C 51                              LD      MICRO_OP, #51h
  140/  48 : 00 E7                              DEC     PHASE
  141/  4A : 03 E7                              ADD     WAVE_R14, @PHASE
  142/  4C : C0 EE                              RRC     WAVE_R14
  143/  4E : F8 EE                              LD      WAVE_R15, WAVE_R14
  144/  50 : BF                                 IRET
  145/  51 :                            
  146/  51 :                            ; ============================================================
  147/  51 :                            ; === Micro-op: 8× oversample step 5/8 ($51). Double add @R7 ($0051) ===
  148/  51 :                            ; ============================================================
  149/  51 :                                    ORG     0051h
  150/  51 :                            micro_8x_step5:
  151/  51 : E3 07                              LD      PORT0_DAC, @PHASE
  152/  53 : 5C 5E                              LD      MICRO_OP, #5Eh
  153/  55 : 03 E7                              ADD     WAVE_R14, @PHASE
  154/  57 : C0 EE                              RRC     WAVE_R14
  155/  59 : 03 E7                              ADD     WAVE_R14, @PHASE
  156/  5B : C0 EE                              RRC     WAVE_R14
  157/  5D : BF                                 IRET
  158/  5E :                            
  159/  5E :                            ; ============================================================
  160/  5E :                            ; === Micro-op: 8× oversample step 6/8 ($5E). Accumulate + INC R7 ($005E) ===
  161/  5E :                            ; ============================================================
  162/  5E :                                    ORG     005Eh
  163/  5E :                            micro_8x_step6:
  164/  5E : 08 EE                              LD      PORT0_DAC, WAVE_R14
  165/  60 : 5C 6A                              LD      MICRO_OP, #6Ah
  166/  62 : E3 E7                              LD      WAVE_R14, @PHASE
  167/  64 : 02 EF                              ADD     WAVE_R14, WAVE_R15
  168/  66 : C0 EE                              RRC     WAVE_R14
  169/  68 : 7E                                 INC     PHASE
  170/  69 : BF                                 IRET
  171/  6A :                            
  172/  6A :                            ; ============================================================
  173/  6A :                            ; === Micro-op: 8× oversample step 7/8 ($6A). AND PHASE,#$3F (wrap) + accumulate ($006A) ===
  174/  6A :                            ; ============================================================
  175/  6A :                                    ORG     006Ah
  176/  6A :                            micro_8x_step7:
  177/  6A : 08 EE                              LD      PORT0_DAC, WAVE_R14
  178/  6C : 5C 76                              LD      MICRO_OP, #76h
  179/  6E : 56 E7 3F                           AND     PHASE, #3Fh
  180/  71 : 02 EF                              ADD     WAVE_R14, WAVE_R15
  181/  73 : C0 EE                              RRC     WAVE_R14
  182/  75 : BF                                 IRET
  183/  76 :                            
  184/  76 :                            ; ============================================================
  185/  76 :                            ; === Micro-op: 8× oversample step 8/8 ($76). Indexed 40h(PHASE) lookup, R5=reg[$1E] ($0076) ===
  186/  76 :                            ; ============================================================
  187/  76 :                                    ORG     0076h
  188/  76 :                            micro_8x_step8:
  189/  76 : 08 EE                              LD      PORT0_DAC, WAVE_R14
  190/  78 : 58 1E                              LD      MICRO_OP, MICRO_OP_NEXT
  191/  7A : C7 E7 40                           LD      WAVE_R14, 40h(PHASE)
  192/  7D : 02 EF                              ADD     WAVE_R14, WAVE_R15
  193/  7F : C0 EE                              RRC     WAVE_R14
  194/  81 : BF                                 IRET
  195/  82 :                            
  196/  82 :                            ; ============================================================
  197/  82 :                            ; === Micro-op: 4× oversample step 1/4 ($82). INC+AND PHASE, ADD R15+=R14 ($0082) ===
  198/  82 :                            ; ============================================================
  199/  82 :                                    ORG     0082h
  200/  82 :                            micro_4x_step1:
  201/  82 :                            ; 4x oversampled linear scan (Mode A sub 6). Mid-low pitch.
  202/  82 :                            ; 4 IRQ4 steps per phase advance. T=$80.
  203/  82 :                            ; Chain: $82->$8F->$9B->$A4->(reg[$1E]=$82).
  204/  82 : 08 EF                              LD      PORT0_DAC, WAVE_R15
  205/  84 : 5C 8F                              LD      MICRO_OP, #8Fh
  206/  86 : 7E                                 INC     PHASE
  207/  87 : 56 E7 3F                           AND     PHASE, #3Fh
  208/  8A : 02 FE                              ADD     WAVE_R15, WAVE_R14
  209/  8C : C0 EF                              RRC     WAVE_R15
  210/  8E : BF                                 IRET
  211/  8F :                            
  212/  8F :                            ; ============================================================
  213/  8F :                            ; === Micro-op: 4× oversample step 2/4 ($8F). Lookup 40h(R7)→R15 ($008F) ===
  214/  8F :                            ; ============================================================
  215/  8F :                                    ORG     008Fh
  216/  8F :                            micro_4x_step2:
  217/  8F : 08 EF                              LD      PORT0_DAC, WAVE_R15
  218/  91 : 5C 9B                              LD      MICRO_OP, #9Bh
  219/  93 : C7 F7 40                           LD      WAVE_R15, 40h(PHASE)
  220/  96 : 02 FE                              ADD     WAVE_R15, WAVE_R14
  221/  98 : C0 EF                              RRC     WAVE_R15
  222/  9A : BF                                 IRET
  223/  9B :                            
  224/  9B :                            ; ============================================================
  225/  9B :                            ; === Micro-op: 4× oversample step 3/4 ($9B). ADD R14+=R15 ($009B) ===
  226/  9B :                            ; ============================================================
  227/  9B :                                    ORG     009Bh
  228/  9B :                            micro_4x_step3:
  229/  9B : 08 EE                              LD      PORT0_DAC, WAVE_R14
  230/  9D : 5C A4                              LD      MICRO_OP, #0A4h
  231/  9F : 02 EF                              ADD     WAVE_R14, WAVE_R15
  232/  A1 : C0 EE                              RRC     WAVE_R14
  233/  A3 : BF                                 IRET
  234/  A4 :                            
  235/  A4 :                            ; ============================================================
  236/  A4 :                            ; === Micro-op: 4× oversample step 4/4 ($A4). Lookup 40h(R7)→R14, R5=reg[$1E] ($00A4) ===
  237/  A4 :                            ; ============================================================
  238/  A4 :                                    ORG     00A4h
  239/  A4 :                            micro_4x_step4:
  240/  A4 : 08 EE                              LD      PORT0_DAC, WAVE_R14
  241/  A6 : 58 1E                              LD      MICRO_OP, MICRO_OP_NEXT
  242/  A8 : C7 E7 40                           LD      WAVE_R14, 40h(PHASE)
  243/  AB : BF                                 IRET
  244/  AC :                            
  245/  AC :                            ; ============================================================
  246/  AC :                            ; === Micro-op: 2× oversample step 1/2 ($AC). Output R15, INC+AND PHASE, R15=waveform[PHASE] ($00AC) ===
  247/  AC :                            ; ============================================================
  248/  AC :                                    ORG     00ACh
  249/  AC :                            micro_2x_step1:
  250/  AC :                            ; 2x oversampled linear scan (Mode A sub 7). Mid pitch.
  251/  AC :                            ; 2 IRQ4 steps per phase advance. T=$80.
  252/  AC :                            ; Step1: output R15, INC+wrap PHASE, fetch new R15.
  253/  AC :                            ; Step2: output R14, interpolate R15=(R15+R14)/2, fetch new R14.
  254/  AC :                            ; R14/R15 are WORKING registers (sample values, not freq step!).
  255/  AC : 08 EF                              LD      PORT0_DAC, WAVE_R15
  256/  AE : 5C B8                              LD      MICRO_OP, #0B8h
  257/  B0 : 7E                                 INC     PHASE
  258/  B1 : 56 E7 3F                           AND     PHASE, #3Fh
  259/  B4 : C7 F7 40                           LD      WAVE_R15, 40h(PHASE)
  260/  B7 : BF                                 IRET
  261/  B8 :                            
  262/  B8 :                            ; ============================================================
  263/  B8 :                            ; === Micro-op: 2× oversample step 2/2 ($B8). Output R14, R15=(R15+R14)/2, R14=waveform[PHASE] ($00B8) ===
  264/  B8 :                            ; ============================================================
  265/  B8 :                                    ORG     00B8h
  266/  B8 :                            micro_2x_step2:
  267/  B8 : 08 EE                              LD      PORT0_DAC, WAVE_R14
  268/  BA : 58 1E                              LD      MICRO_OP, MICRO_OP_NEXT
  269/  BC : 02 FE                              ADD     WAVE_R15, WAVE_R14
  270/  BE : C0 EF                              RRC     WAVE_R15
  271/  C0 : C7 E7 40                           LD      WAVE_R14, 40h(PHASE)
  272/  C3 : BF                                 IRET
  273/  C4 :                            
  274/  C4 :                            ; ============================================================
  275/  C4 :                            ; === Micro-op: 1× direct DDS ($C4). Output waveform[PHASE], PHASE+=R14, AND #$3F ($00C4) ===
  276/  C4 :                            ; ============================================================
  277/  C4 :                                    ORG     00C4h
  278/  C4 :                            micro_1x_dds:
  279/  C4 :                            ; 1x direct DDS (Mode A sub 8-13). High pitch range.
  280/  C4 :                            ; 1 IRQ4 per output. Phase+=R14 per IRQ4. Timer T=R14=$01-$20.
  281/  C4 :                            ; R14 is READ-ONLY freq step constant (set by synthesis_output from T byte).
  282/  C4 :                            ; T and R14 are the same value: timer period = phase step = constant pitch.
  283/  C4 :                            ; 
  284/  C4 :                            ; WARNING: sub 0-7 use R14 as working sample; sub 8+ use R14 as freq step.
  285/  C4 :                            ; Crossing the sub 7/8 boundary mid-note corrupts R14 interpretation.
  286/  C4 :                            ; See WIP_ocean_crash.md.
  287/  C4 : C7 07 40                           LD      PORT0_DAC, 40h(PHASE)
  288/  C7 : 58 1E                              LD      MICRO_OP, MICRO_OP_NEXT
  289/  C9 : 02 7E                              ADD     PHASE, WAVE_R14
  290/  CB : 56 E7 3F                           AND     PHASE, #3Fh
  291/  CE : BF                                 IRET
  292/  CF :                            
  293/  CF :                            ; ============================================================
  294/  CF :                            ; === Micro-op: Variable-duty DDS ($CF→$DA→$E9). Only $CF outputs to DAC ($00CF) ===
  295/  CF :                            ; ============================================================
  296/  CF :                                    ORG     00CFh
  297/  CF :                            micro_duty_dds:
  298/  CF :                            ; Variable-duty DDS (Mode B). PHASE=$40-$7F = waveform table direct.
  299/  CF :                            ; Only $CF outputs to DAC. $DA/$E9 advance phase without output (skip zone).
  300/  CF :                            ; R14 = freq step (added every IRQ4), R15 = skip entry offset.
  301/  CF :                            ; Cycle: $CF scans $40→$7F outputting samples. When PHASE crosses $7F (MI),
  302/  CF :                            ;   SUB R15 adjusts skip entry. $DA/$E9 advance through $80-$FF (no output).
  303/  CF :                            ;   On carry (wrap past $FF): reset PHASE=$40, back to $CF.
  304/  CF :                            ; R15 controls duty cycle: smaller R15 = longer skip = narrower pulse.
  305/  CF : E3 07                              LD      PORT0_DAC, @PHASE
  306/  D1 : 02 7E                              ADD     PHASE, WAVE_R14                 ; advance phase by freq step
  307/  D3 : DB 04                              JR      PL, .L_00D9                     ; PHASE < $80? → stay in output scan
  308/  D5 : 22 7F                              SUB     PHASE, WAVE_R15                 ; crossed $7F: adjust skip entry point by subtracting R15
  309/  D7 : 5C DA                              LD      MICRO_OP, #0DAh                 ; enter skip zone (no more DAC output until reset)
  310/  D9 :                            .L_00D9:                                ; called from: micro_duty_dds($00D3)
  311/  D9 : BF                                 IRET
  312/  DA :                            
  313/  DA :                            ; ============================================================
  314/  DA :                            ; === Micro-op: Duty DDS skip entry ($DA). No output. Advance until carry→$40→$CF ($00DA) ===
  315/  DA :                            ; ============================================================
  316/  DA :                                    ORG     00DAh
  317/  DA :                            micro_duty_skip1:
  318/  DA : 26 E7 81                           SUB     PHASE, #81h                     ; map phase into skip range (SUB $81)
  319/  DD : 02 7E                              ADD     PHASE, WAVE_R14                 ; advance through skip zone
  320/  DF : FB 05                              JR      NC, .skip_continue              ; carry = wrapped past $FF?
  321/  E1 : 7C 40                              LD      PHASE, #40h                     ; yes: reset phase to $40 (waveform table base)
  322/  E3 : 5C CF                              LD      MICRO_OP, #0CFh                 ; back to output scan
  323/  E5 : BF                                 IRET
  324/  E6 :                            .skip_continue:                                ; 1 refs
  325/  E6 : 5C E9                              LD      MICRO_OP, #0E9h                 ; no carry: continue skip
  326/  E8 : BF                                 IRET
  327/  E9 :                            
  328/  E9 :                            ; ============================================================
  329/  E9 :                            ; === Micro-op: Duty DDS skip continue ($E9). No output. Advance until carry→$40→$CF ($00E9) ===
  330/  E9 :                            ; ============================================================
  331/  E9 :                                    ORG     00E9h
  332/  E9 :                            micro_duty_skip2:
  333/  E9 : 02 7E                              ADD     PHASE, WAVE_R14                 ; keep advancing (no DAC output)
  334/  EB : FB 04                              JR      NC, .L_00F1                     ; carry?
  335/  ED : 7C 40                              LD      PHASE, #40h                     ; reset to $40
  336/  EF : 5C CF                              LD      MICRO_OP, #0CFh                 ; back to output scan
  337/  F1 :                            .L_00F1:                                ; called from: micro_duty_skip2($00EB)
  338/  F1 : BF                                 IRET
  339/  F2 :                            
  340/  F2 :                            ; ============================================================
  341/  F2 :                            ; === Micro-op: Programmable-wrap DDS ($F2). Mode C sub 0-10 ($00F2) ===
  342/  F2 :                            ; ============================================================
  343/  F2 :                                    ORG     00F2h
  344/  F2 :                            micro_wrap_dds:
  345/  F2 : C7 07 40                           LD      PORT0_DAC, 40h(PHASE)
  346/  F5 : A2 7F                              CP      PHASE, WAVE_R15
  347/  F7 : FB 03                              JR      NC, .L_00FC
  348/  F9 : 02 7E                              ADD     PHASE, WAVE_R14
  349/  FB : BF                                 IRET
  350/  FC :                            .L_00FC:                                ; called from: micro_wrap_dds($00F7)
  351/  FC : 7C 00                              LD      PHASE, #00h
  352/  FE : 5C F2                              LD      MICRO_OP, #0F2h
  353/ 100 : BF                                 IRET
  354/ 101 :                            
  355/ 101 :                            ; === Synthesis output parameter table (R13 = sub*3 + mode*3 + 1) ===
  356/ 101 :                            ;   byte0=T: bit7=1 oversampled (timer only), bit7=0 bits5:0=phase_inc (R14)
  357/ 101 :                            ;   byte1=micro_op address ($20=8x, $82=4x, $AC=2x, $C4=1x, $CF=duty, $F2=wrap, $19=silence)
  358/ 101 :                            ;   byte2=PRE0: timer prescaler (bits7:2=divisor 1-63, 0=64; bit1=modulo_n)
  359/ 101 :                            ;     PRE0 extends pitch range: sub0-5 use prescaler 32→1 (halving per sub)
  360/ 101 :                            ;     Actual pitch = R10 (normalized magnitude) * prescaler * 4 ext clocks
  361/ 101 :                                    ORG     0101h
  362/ 101 : 01 F2 81                           DB      01h, 0F2h, 81h          ; Mode C  sub= 0  T=$01 op=micro_wrap_dds PRE0=$81
  363/ 104 : 01 F2 41                           DB      01h, 0F2h, 41h          ; Mode C  sub= 1  T=$01 op=micro_wrap_dds PRE0=$41
  364/ 107 : 01 F2 21                           DB      01h, 0F2h, 21h          ; Mode C  sub= 2  T=$01 op=micro_wrap_dds PRE0=$21
  365/ 10A : 01 F2 11                           DB      01h, 0F2h, 11h          ; Mode C  sub= 3  T=$01 op=micro_wrap_dds PRE0=$11
  366/ 10D : 01 F2 09                           DB      01h, 0F2h, 09h          ; Mode C  sub= 4  T=$01 op=micro_wrap_dds PRE0=$09
  367/ 110 : 01 F2 05                           DB      01h, 0F2h, 05h          ; Mode C  sub= 5  T=$01 op=micro_wrap_dds PRE0=$05
  368/ 113 : 02 F2 05                           DB      02h, 0F2h, 05h          ; Mode C  sub= 6  T=$02 op=micro_wrap_dds PRE0=$05
  369/ 116 : 04 F2 05                           DB      04h, 0F2h, 05h          ; Mode C  sub= 7  T=$04 op=micro_wrap_dds PRE0=$05
  370/ 119 : 08 F2 05                           DB      08h, 0F2h, 05h          ; Mode C  sub= 8  T=$08 op=micro_wrap_dds PRE0=$05
  371/ 11C : 10 F2 05                           DB      10h, 0F2h, 05h          ; Mode C  sub= 9  T=$10 op=micro_wrap_dds PRE0=$05
  372/ 11F : 20 F2 05                           DB      20h, 0F2h, 05h          ; Mode C  sub=10  T=$20 op=micro_wrap_dds PRE0=$05
  373/ 122 : 00 19 05                           DB      00h, 19h, 05h           ; Mode C  sub=11  T=$00 op=micro_silence PRE0=$05
  374/ 125 : 00 19 05                           DB      00h, 19h, 05h           ; Mode C  sub=12  T=$00 op=micro_silence PRE0=$05
  375/ 128 : 00 19 05                           DB      00h, 19h, 05h           ; Mode C  sub=13  T=$00 op=micro_silence PRE0=$05
  376/ 12B : 00 19 05                           DB      00h, 19h, 05h           ; Mode C  sub=14  T=$00 op=micro_silence PRE0=$05
  377/ 12E : 00 19 05                           DB      00h, 19h, 05h           ; Mode C  sub=15  T=$00 op=micro_silence PRE0=$05
  378/ 131 : 01 CF 81                           DB      01h, 0CFh, 81h          ; Mode B  sub= 0  T=$01 op=micro_duty_dds PRE0=$81
  379/ 134 : 01 CF 41                           DB      01h, 0CFh, 41h          ; Mode B  sub= 1  T=$01 op=micro_duty_dds PRE0=$41
  380/ 137 : 01 CF 21                           DB      01h, 0CFh, 21h          ; Mode B  sub= 2  T=$01 op=micro_duty_dds PRE0=$21
  381/ 13A : 01 CF 11                           DB      01h, 0CFh, 11h          ; Mode B  sub= 3  T=$01 op=micro_duty_dds PRE0=$11
  382/ 13D : 01 CF 09                           DB      01h, 0CFh, 09h          ; Mode B  sub= 4  T=$01 op=micro_duty_dds PRE0=$09
  383/ 140 : 01 CF 05                           DB      01h, 0CFh, 05h          ; Mode B  sub= 5  T=$01 op=micro_duty_dds PRE0=$05
  384/ 143 : 02 CF 05                           DB      02h, 0CFh, 05h          ; Mode B  sub= 6  T=$02 op=micro_duty_dds PRE0=$05
  385/ 146 : 04 CF 05                           DB      04h, 0CFh, 05h          ; Mode B  sub= 7  T=$04 op=micro_duty_dds PRE0=$05
  386/ 149 : 08 CF 05                           DB      08h, 0CFh, 05h          ; Mode B  sub= 8  T=$08 op=micro_duty_dds PRE0=$05
  387/ 14C : 10 CF 05                           DB      10h, 0CFh, 05h          ; Mode B  sub= 9  T=$10 op=micro_duty_dds PRE0=$05
  388/ 14F : 20 CF 05                           DB      20h, 0CFh, 05h          ; Mode B  sub=10  T=$20 op=micro_duty_dds PRE0=$05
  389/ 152 : 00 19 05                           DB      00h, 19h, 05h           ; Mode B  sub=11  T=$00 op=micro_silence PRE0=$05
  390/ 155 : 00 19 05                           DB      00h, 19h, 05h           ; Mode B  sub=12  T=$00 op=micro_silence PRE0=$05
  391/ 158 : 00 19 05                           DB      00h, 19h, 05h           ; Mode B  sub=13  T=$00 op=micro_silence PRE0=$05
  392/ 15B : 00 19 05                           DB      00h, 19h, 05h           ; Mode B  sub=14  T=$00 op=micro_silence PRE0=$05
  393/ 15E : 00 19 05                           DB      00h, 19h, 05h           ; Mode B  sub=15  T=$00 op=micro_silence PRE0=$05
  394/ 161 : 80 20 81                           DB      80h, 20h, 81h           ; Mode A  sub= 0  T=$80 op=micro_8x_step1 PRE0=$81
  395/ 164 : 80 20 41                           DB      80h, 20h, 41h           ; Mode A  sub= 1  T=$80 op=micro_8x_step1 PRE0=$41
  396/ 167 : 80 20 21                           DB      80h, 20h, 21h           ; Mode A  sub= 2  T=$80 op=micro_8x_step1 PRE0=$21
  397/ 16A : 80 20 11                           DB      80h, 20h, 11h           ; Mode A  sub= 3  T=$80 op=micro_8x_step1 PRE0=$11
  398/ 16D : 80 20 09                           DB      80h, 20h, 09h           ; Mode A  sub= 4  T=$80 op=micro_8x_step1 PRE0=$09
  399/ 170 : 80 20 05                           DB      80h, 20h, 05h           ; Mode A  sub= 5  T=$80 op=micro_8x_step1 PRE0=$05
  400/ 173 : 80 82 05                           DB      80h, 82h, 05h           ; Mode A  sub= 6  T=$80 op=micro_4x_step1 PRE0=$05
  401/ 176 : 80 AC 05                           DB      80h, 0ACh, 05h          ; Mode A  sub= 7  T=$80 op=micro_2x_step1 PRE0=$05
  402/ 179 : 01 C4 05                           DB      01h, 0C4h, 05h          ; Mode A  sub= 8  T=$01 op=micro_1x_dds PRE0=$05
  403/ 17C : 02 C4 05                           DB      02h, 0C4h, 05h          ; Mode A  sub= 9  T=$02 op=micro_1x_dds PRE0=$05
  404/ 17F : 04 C4 05                           DB      04h, 0C4h, 05h          ; Mode A  sub=10  T=$04 op=micro_1x_dds PRE0=$05
  405/ 182 : 08 C4 05                           DB      08h, 0C4h, 05h          ; Mode A  sub=11  T=$08 op=micro_1x_dds PRE0=$05
  406/ 185 : 10 C4 05                           DB      10h, 0C4h, 05h          ; Mode A  sub=12  T=$10 op=micro_1x_dds PRE0=$05
  407/ 188 : 20 C4 05                           DB      20h, 0C4h, 05h          ; Mode A  sub=13  T=$20 op=micro_1x_dds PRE0=$05
  408/ 18B : 00 19 05                           DB      00h, 19h, 05h           ; Mode A  sub=14  T=$00 op=micro_silence PRE0=$05
  409/ 18E : 00 19 05                           DB      00h, 19h, 05h           ; Mode A  sub=15  T=$00 op=micro_silence PRE0=$05
  410/ 191 : 00                                 DB      00h
  411/ 192 :                            
  412/ 192 :                            ; === Dispatch table B (opcode types 1-3). Entries 0,4,8,12 are unreachable dead data ===
  413/ 192 :                                    ORG     0192h
  414/ 192 : 01 B2                              DW      01B2h      ; opc DEAD             → $01B2
  415/ 194 : 05 BC                              DW      05BCh      ; opc $01,$21,$41,$61..(8) → op_load_r8r9
  416/ 196 : 05 CA                              DW      05CAh      ; opc $02,$22,$42,$62..(8) → op_load_1617
  417/ 198 : 05 D7                              DW      05D7h      ; opc $03,$23,$43,$63..(8) → op_load_1415
  418/ 19A : 01 B2                              DW      01B2h      ; opc DEAD             → $01B2
  419/ 19C : 06 80                              DW      0680h      ; opc $05,$25,$45,$65..(8) → op_add_imm_to_r8r9
  420/ 19E : 06 90                              DW      0690h      ; opc $06,$26,$46,$66..(8) → op_add_imm_to_1617
  421/ 1A0 : 06 A1                              DW      06A1h      ; opc $07,$27,$47,$67..(8) → op_add_imm_to_1415
  422/ 1A2 : 01 B2                              DW      01B2h      ; opc DEAD             → $01B2
  423/ 1A4 : 08 CD                              DW      08CDh      ; opc $09,$29,$49,$69..(8) → cmp_s_r8r9_imm
  424/ 1A6 : 08 D5                              DW      08D5h      ; opc $0A,$2A,$4A,$6A..(8) → cmp_s_1617_imm
  425/ 1A8 : 08 DD                              DW      08DDh      ; opc $0B,$2B,$4B,$6B..(8) → cmp_s_1415_imm
  426/ 1AA : 01 B2                              DW      01B2h      ; opc DEAD             → $01B2
  427/ 1AC : 08 D1                              DW      08D1h      ; opc $0D,$2D,$4D,$6D..(8) → cmp_u_r8r9_imm
  428/ 1AE : 08 D9                              DW      08D9h      ; opc $0E,$2E,$4E,$6E..(8) → cmp_u_1617_imm
  429/ 1B0 : 08 E1                              DW      08E1h      ; opc $0F,$2F,$4F,$6F..(8) → cmp_u_1415_imm
  430/ 1B2 :                            
  431/ 1B2 :                            ; === Dispatch table A (opcode type 0, 64 entries) ===
  432/ 1B2 :                                    ORG     01B2h
  433/ 1B2 : 0A 2D                              DW      0A2Dh      ; opc $00              → op_conditional_counter
  434/ 1B4 : 09 C8                              DW      09C8h      ; opc $04              → op_loop_primary
  435/ 1B6 : 09 F9                              DW      09F9h      ; opc $08              → op_loop_reload_18_from_16
  436/ 1B8 : 0A 13                              DW      0A13h      ; opc $0C              → op_loop_reload_18_from_14
  437/ 1BA : 0B 94                              DW      0B94h      ; opc $10              → op_lfsr_noise
  438/ 1BC : 09 E3                              DW      09E3h      ; opc $14              → op_loop_secondary
  439/ 1BE : 0A 06                              DW      0A06h      ; opc $18              → op_loop_reload_19_from_16
  440/ 1C0 : 0A 20                              DW      0A20h      ; opc $1C              → op_loop_reload_19_from_14
  441/ 1C2 : 0C 41                              DW      0C41h      ; opc $20              → op_lfsr_mul_1617
  442/ 1C4 : 08 E5                              DW      08E5h      ; opc $24              → cmp_u_r8r9_1617
  443/ 1C6 : 08 ED                              DW      08EDh      ; opc $28              → cmp_u_r8r9_1415
  444/ 1C8 : 08 F5                              DW      08F5h      ; opc $2C              → cmp_u_1617_1415
  445/ 1CA : 0C 73                              DW      0C73h      ; opc $30              → op_lfsr_mul_1415
  446/ 1CC : 08 FD                              DW      08FDh      ; opc $34              → cmp_u_1617_r8r9
  447/ 1CE : 09 0D                              DW      090Dh      ; opc $38              → cmp_u_1415_r8r9
  448/ 1D0 : 09 05                              DW      0905h      ; opc $3C              → cmp_u_1415_1617
  449/ 1D2 : 0A 69                              DW      0A69h      ; opc $40              → op_neg_1617
  450/ 1D4 : 05 E4                              DW      05E4h      ; opc $44              → op_copy_1617_to_r8r9
  451/ 1D6 : 05 EB                              DW      05EBh      ; opc $48              → op_copy_1415_to_r8r9
  452/ 1D8 : 05 F8                              DW      05F8h      ; opc $4C              → op_copy_1415_to_1617
  453/ 1DA : 0A 72                              DW      0A72h      ; opc $50              → op_neg_1415
  454/ 1DC : 05 F2                              DW      05F2h      ; opc $54              → op_store_r8r9_to_1617
  455/ 1DE : 06 00                              DW      0600h      ; opc $58              → op_store_r8r9_to_1415
  456/ 1E0 : 06 06                              DW      0606h      ; opc $5C              → op_copy_1617_to_1415
  457/ 1E2 : 0A 58                              DW      0A58h      ; opc $60              → op_swap_1415_1617
  458/ 1E4 : 06 B2                              DW      06B2h      ; opc $64              → op_add_1617_to_r8r9
  459/ 1E6 : 06 BB                              DW      06BBh      ; opc $68              → op_add_1415_to_r8r9_sat
  460/ 1E8 : 06 D4                              DW      06D4h      ; opc $6C              → op_add_1415_to_1617
  461/ 1EA : 09 68                              DW      0968h      ; opc $70              → branch_dispatch
  462/ 1EC : 06 CB                              DW      06CBh      ; opc $74              → op_add_r8r9_to_1617
  463/ 1EE : 06 DD                              DW      06DDh      ; opc $78              → op_add_r8r9_to_1415
  464/ 1F0 : 06 E6                              DW      06E6h      ; opc $7C              → op_add_1617_to_1415
  465/ 1F2 : 0A C3                              DW      0AC3h      ; opc $80              → op_vibrato1
  466/ 1F4 : 06 EF                              DW      06EFh      ; opc $84              → op_sub_1617_from_r8r9
  467/ 1F6 : 06 F8                              DW      06F8h      ; opc $88              → op_sub_1415_from_r8r9
  468/ 1F8 : 07 11                              DW      0711h      ; opc $8C              → op_sub_1415_from_1617
  469/ 1FA : 0A F1                              DW      0AF1h      ; opc $90              → op_vibrato2
  470/ 1FC : 07 08                              DW      0708h      ; opc $94              → op_sub_r8r9_from_1617
  471/ 1FE : 07 1A                              DW      071Ah      ; opc $98              → op_sub_r8r9_from_1415
  472/ 200 : 07 23                              DW      0723h      ; opc $9C              → op_sub_1617_from_1415
  473/ 202 : 0A 7B                              DW      0A7Bh      ; opc $A0              → op_stdlinear
  474/ 204 : 06 0F                              DW      060Fh      ; opc $A4              → op_regpair_op_08
  475/ 206 : 06 13                              DW      0613h      ; opc $A8              → op_regpair_op_16
  476/ 208 : 06 17                              DW      0617h      ; opc $AC              → op_regpair_op_14
  477/ 20A : 08 6D                              DW      086Dh      ; opc $B0              → op_mul_1617_by_imm
  478/ 20C : 07 48                              DW      0748h      ; opc $B4              → op_mul_by_imm
  479/ 20E : 07 7E                              DW      077Eh      ; opc $B8              → op_mulimm_to_1617
  480/ 210 : 07 B6                              DW      07B6h      ; opc $BC              → op_mulimm_to_1415
  481/ 212 : 08 9D                              DW      089Dh      ; opc $C0              → op_mul_1415_by_imm
  482/ 214 : 07 E4                              DW      07E4h      ; opc $C4              → op_mulimm_acc_r8r9
  483/ 216 : 08 0F                              DW      080Fh      ; opc $C8              → op_mulimm_acc_1617
  484/ 218 : 08 40                              DW      0840h      ; opc $CC              → op_mulimm_acc_1415
  485/ 21A : 07 40                              DW      0740h      ; opc $D0              → op_mul_by_16
  486/ 21C : 07 44                              DW      0744h      ; opc $D4              → op_mul_by_11
  487/ 21E : 07 7A                              DW      077Ah      ; opc $D8              → op_mul14_to_1617
  488/ 220 : 07 B2                              DW      07B2h      ; opc $DC              → op_mul14_to_1415
  489/ 222 : 07 DC                              DW      07DCh      ; opc $E0              → op_mul16_acc_r8r9
  490/ 224 : 07 E0                              DW      07E0h      ; opc $E4              → op_mul14_acc_r8r9
  491/ 226 : 08 0B                              DW      080Bh      ; opc $E8              → op_mul14_acc_1617
  492/ 228 : 08 3C                              DW      083Ch      ; opc $EC              → op_mul16_acc_1415
  493/ 22A : 07 2C                              DW      072Ch      ; opc $F0              → op_neg16_multiply
  494/ 22C : 07 36                              DW      0736h      ; opc $F4              → op_neg14_multiply
  495/ 22E : 07 6C                              DW      076Ch      ; opc $F8              → op_neg14_mul_to_1617
  496/ 230 : 07 A4                              DW      07A4h      ; opc $FC              → op_neg16_mul_to_1415
  497/ 232 :                            
  498/ 232 :                            ; === DDS fractional frequency table (8 entries, read by dac_output_setup at $0DF8) ===
  499/ 232 :                            ;   Each entry has N set bits for N/8 fractional timer increment.
  500/ 232 :                            ;   Bit patterns maximize temporal spacing (minimize jitter).
  501/ 232 :                            ;   IRQ4: RL $FE; ADC R6,R4 → carry from rotation dithers timer rate.
  502/ 232 :                                    ORG     0232h
  503/ 232 : 00                                 DB      00h     ; [0] 00000000  0/8 fractional
  504/ 233 : 01                                 DB      01h     ; [1] 00000001  1/8 fractional
  505/ 234 : 11                                 DB      11h     ; [2] 00010001  2/8 fractional
  506/ 235 : 15                                 DB      15h     ; [3] 00010101  3/8 fractional
  507/ 236 : 55                                 DB      55h     ; [4] 01010101  4/8 fractional
  508/ 237 : EA                                 DB      0EAh    ; [5] 11101010  5/8 fractional
  509/ 238 : EE                                 DB      0EEh    ; [6] 11101110  6/8 fractional
  510/ 239 : FE                                 DB      0FEh    ; [7] 11111110  7/8 fractional
  511/ 23A :                            
  512/ 23A :                                    ORG     023Ah
  513/ 23A :                            
  514/ 23A :                            ; ============================================================
  515/ 23A :                            ; === RESET / INITIALIZATION ($023A) ===
  516/ 23A :                            ; ============================================================
  517/ 23A :                                    ORG     023Ah
  518/ 23A :                            init_full:                                ; 4 refs
  519/ 23A : B0 FC                              CLR     0FCh                            ; 0FC=FLAGS (flags register)
  520/ 23C :                            
  521/ 23C :                            ; ============================================================
  522/ 23C :                            ; === Also called by op_conditional_counter / WAIT (NOP?) ($023C) ===
  523/ 23C :                            ; ============================================================
  524/ 23C :                                    ORG     023Ch
  525/ 23C :                            init_srp:                                ; 1 refs
  526/ 23C : 31 00                              SRP     #00h
  527/ 23E : E6 FF 40                           LD      0FFh, #40h                      ; 0FF=SPL (stack pointer low)
  528/ 241 : E6 F7 01                           LD      0F7h, #01h                      ; 0F7=P3M (port 3 mode)
  529/ 244 : E6 F6 0C                           LD      0F6h, #0Ch                      ; 0F6=P2M (port 2 mode / RARC)
  530/ 247 : E6 F8 1C                           LD      0F8h, #1Ch                      ; 0F8=P01M (port 0/1 mode)
  531/ 24A : 0C 80                              LD      PORT0_DAC, #80h
  532/ 24C : 2C 05                              LD      PORT2, #05h
  533/ 24E : 3C 00                              LD      PORT3, #00h
  534/ 250 :                            
  535/ 250 :                            ; ============================================================
  536/ 250 :                            ; === Also called by cmd_stop ($0250) ===
  537/ 250 :                            ; ============================================================
  538/ 250 :                                    ORG     0250h
  539/ 250 :                            init_enable_irq:                                ; 1 refs
  540/ 250 : B0 FB                              CLR     0FBh                            ; 0FB=IMR (interrupt mask)
  541/ 252 : 9F                                 EI
  542/ 253 : 8F                                 DI
  543/ 254 : E6 F9 27                           LD      0F9h, #27h                      ; 0F9=IPR (interrupt priority)
  544/ 257 : E6 FB 08                           LD      0FBh, #08h                      ; 0FB=IMR (interrupt mask)
  545/ 25A : B0 FA                              CLR     0FAh                            ; 0FA=IRQ (interrupt request)
  546/ 25C : 9F                                 EI
  547/ 25D :                            spin_forever:                                ; 2 refs
  548/ 25D : 8B FE                              JR      spin_forever
  549/ 25F :                            
  550/ 25F :                            ; ============================================================
  551/ 25F :                            ; === Start of LDEI bulk copy ($025F) ===
  552/ 25F :                            ; ============================================================
  553/ 25F :                                    ORG     025Fh
  554/ 25F :                            ldei_chain_start:                                ; 1 refs
  555/ 25F : 83 CA                              LDEI    @R12, @RR10
  556/ 261 : 83 CA                              LDEI    @R12, @RR10
  557/ 263 : 83 CA                              LDEI    @R12, @RR10
  558/ 265 : 83 CA                              LDEI    @R12, @RR10
  559/ 267 : 83 CA                              LDEI    @R12, @RR10
  560/ 269 : 83 CA                              LDEI    @R12, @RR10
  561/ 26B : 83 CA                              LDEI    @R12, @RR10
  562/ 26D : 83 CA                              LDEI    @R12, @RR10
  563/ 26F : 83 CA                              LDEI    @R12, @RR10
  564/ 271 : 83 CA                              LDEI    @R12, @RR10
  565/ 273 : 83 CA                              LDEI    @R12, @RR10
  566/ 275 : 83 CA                              LDEI    @R12, @RR10
  567/ 277 : 83 CA                              LDEI    @R12, @RR10
  568/ 279 : 83 CA                              LDEI    @R12, @RR10
  569/ 27B : 83 CA                              LDEI    @R12, @RR10
  570/ 27D : 83 CA                              LDEI    @R12, @RR10
  571/ 27F : 83 CA                              LDEI    @R12, @RR10
  572/ 281 : 83 CA                              LDEI    @R12, @RR10
  573/ 283 : 83 CA                              LDEI    @R12, @RR10
  574/ 285 : 83 CA                              LDEI    @R12, @RR10
  575/ 287 : 83 CA                              LDEI    @R12, @RR10
  576/ 289 : 83 CA                              LDEI    @R12, @RR10
  577/ 28B : 83 CA                              LDEI    @R12, @RR10
  578/ 28D : 83 CA                              LDEI    @R12, @RR10
  579/ 28F : 83 CA                              LDEI    @R12, @RR10
  580/ 291 : 83 CA                              LDEI    @R12, @RR10
  581/ 293 : 83 CA                              LDEI    @R12, @RR10
  582/ 295 : 83 CA                              LDEI    @R12, @RR10
  583/ 297 : 83 CA                              LDEI    @R12, @RR10
  584/ 299 : 83 CA                              LDEI    @R12, @RR10
  585/ 29B : 83 CA                              LDEI    @R12, @RR10
  586/ 29D : 83 CA                              LDEI    @R12, @RR10
  587/ 29F : 83 CA                              LDEI    @R12, @RR10
  588/ 2A1 : 83 CA                              LDEI    @R12, @RR10
  589/ 2A3 : 83 CA                              LDEI    @R12, @RR10
  590/ 2A5 : 83 CA                              LDEI    @R12, @RR10
  591/ 2A7 : 83 CA                              LDEI    @R12, @RR10
  592/ 2A9 : 83 CA                              LDEI    @R12, @RR10
  593/ 2AB : 83 CA                              LDEI    @R12, @RR10
  594/ 2AD : 83 CA                              LDEI    @R12, @RR10
  595/ 2AF : 83 CA                              LDEI    @R12, @RR10
  596/ 2B1 : 83 CA                              LDEI    @R12, @RR10
  597/ 2B3 : 83 CA                              LDEI    @R12, @RR10
  598/ 2B5 : 83 CA                              LDEI    @R12, @RR10
  599/ 2B7 : 83 CA                              LDEI    @R12, @RR10
  600/ 2B9 : 83 CA                              LDEI    @R12, @RR10
  601/ 2BB : 83 CA                              LDEI    @R12, @RR10
  602/ 2BD : 83 CA                              LDEI    @R12, @RR10
  603/ 2BF : 83 CA                              LDEI    @R12, @RR10
  604/ 2C1 : 83 CA                              LDEI    @R12, @RR10
  605/ 2C3 : 83 CA                              LDEI    @R12, @RR10
  606/ 2C5 : 83 CA                              LDEI    @R12, @RR10
  607/ 2C7 : 83 CA                              LDEI    @R12, @RR10
  608/ 2C9 : 83 CA                              LDEI    @R12, @RR10
  609/ 2CB : 83 CA                              LDEI    @R12, @RR10
  610/ 2CD : 83 CA                              LDEI    @R12, @RR10
  611/ 2CF : 83 CA                              LDEI    @R12, @RR10
  612/ 2D1 : 83 CA                              LDEI    @R12, @RR10
  613/ 2D3 : 83 CA                              LDEI    @R12, @RR10
  614/ 2D5 : 83 CA                              LDEI    @R12, @RR10
  615/ 2D7 : 83 CA                              LDEI    @R12, @RR10
  616/ 2D9 : 83 CA                              LDEI    @R12, @RR10
  617/ 2DB : 83 CA                              LDEI    @R12, @RR10
  618/ 2DD : 83 CA                              LDEI    @R12, @RR10
  619/ 2DF : AF                                 RET
  620/ 2E0 :                            
  621/ 2E0 :                            ; ============================================================
  622/ 2E0 :                            ; === IRQ3 — RAUD Command Dispatch ($02E0) ===
  623/ 2E0 :                            ; ============================================================
  624/ 2E0 :                                    ORG     02E0h
  625/ 2E0 :                            irq3_handler:
  626/ 2E0 : E6 FF 40                           LD      0FFh, #40h                      ; 0FF=SPL (stack pointer low)
  627/ 2E3 : 9F                                 EI
  628/ 2E4 : 31 00                              SRP     #00h
  629/ 2E6 : E6 F6 00                           LD      0F6h, #00h                      ; 0F6=P2M (port 2 mode / RARC)
  630/ 2E9 : B6 E2 07                           XOR     PORT2, #07h
  631/ 2EC : 46 FA 02                           OR      0FAh, #02h                      ; 0FA=IRQ (interrupt request)
  632/ 2EF : BC F8                              LD      R11, #0F8h
  633/ 2F1 : AC 10                              LD      R10, #10h
  634/ 2F3 : E6 F8 14                           LD      0F8h, #14h                      ; 0F8=P01M (port 0/1 mode)
  635/ 2F6 : 82 DA                              LDE     R13, @RR10
  636/ 2F8 : 66 ED 04                           TCM     R13, #04h
  637/ 2FB : 6B 77                              JR      Z, .cmd_voice_param_update
  638/ 2FD : 66 FC 02                           TCM     0FCh, #02h                      ; 0FC=FLAGS (flags register)
  639/ 300 : EB 24                              JR      NZ, .cmd_dispatch
  640/ 302 :                            
  641/ 302 :                            ; ============================================================
  642/ 302 :                            ; === First-time setup ($0302) ===
  643/ 302 :                            ; ============================================================
  644/ 302 :                                    ORG     0302h
  645/ 302 :                            .cmd_init:
  646/ 302 : BC F5                              LD      R11, #0F5h
  647/ 304 : 82 BA                              LDE     R11, @RR10
  648/ 306 : CC 02                              LD      R12, #02h
  649/ 308 : 92 CA                              LDE     @RR10, R12
  650/ 30A : BE                                 INC     R11
  651/ 30B : 92 CA                              LDE     @RR10, R12
  652/ 30D : BE                                 INC     R11
  653/ 30E : C8 1B                              LD      R12, PROG_CTR
  654/ 310 : 93 CA                              LDEI    @RR10, @R12
  655/ 312 : 93 CA                              LDEI    @RR10, @R12
  656/ 314 : CC 08                              LD      R12, #08h
  657/ 316 : 93 CA                              LDEI    @RR10, @R12
  658/ 318 : 93 CA                              LDEI    @RR10, @R12
  659/ 31A : CC 11                              LD      R12, #11h
  660/ 31C :                            .L_031C:
  661/ 31C : 93 CA                              LDEI    @RR10, @R12
  662/ 31E : A6 EC 1E                           CP      R12, #1Eh
  663/ 321 : 3B F9                              JR      ULE, .L_031C
  664/ 323 : 8D 02 3A                           JP      init_full
  665/ 326 :                            
  666/ 326 :                            ; ============================================================
  667/ 326 :                            ; === Command dispatch ($0326) ===
  668/ 326 :                            ; ============================================================
  669/ 326 :                                    ORG     0326h
  670/ 326 :                            .cmd_dispatch:                                ; 1 refs
  671/ 326 : 66 ED 02                           TCM     R13, #02h
  672/ 329 : 6B 5E                              JR      Z, .cmd_stop
  673/ 32B : 66 ED 01                           TCM     R13, #01h
  674/ 32E : 6B 75                              JR      Z, .cmd_full_setup
  675/ 330 :                            
  676/ 330 :                            ; ============================================================
  677/ 330 :                            ; === RAUD default — reload micro-program pointer + pitch envelope from slave RAM ($0330) ===
  678/ 330 :                            ; ============================================================
  679/ 330 :                                    ORG     0330h
  680/ 330 :                            .cmd_run_prog:
  681/ 330 :                            ; RAUD default path: called when cmd byte ($F8) has no command bits set.
  682/ 330 :                            ; This is the normal per-RAUD update during active synthesis.
  683/ 330 :                            ; 
  684/ 330 :                            ; Actions:
  685/ 330 :                            ;   1. Reload PROG_CTR from sram[source+1] (saved start position)
  686/ 330 :                            ;   2. Reload reg[$14:$15] from sram[$FE:$FF] (ACC2 pair)
  687/ 330 :                            ;   3. Read pitch envelope from COP via Port 3/Port 1 bus handshake
  688/ 330 :                            ;      (same EXSLA + PITCH_ENV update as op_lfsr_noise full_lfsr_step)
  689/ 330 :                            ;   4. Clear LOOP1_CTR, LOOP2_CTR, BLOCK_CTR (reset loop state)
  690/ 330 :                            ;   5. ADD PROG_CTR, #$1D (convert relative offset to register address)
  691/ 330 :                            ;   6. JP micro_program_interpreter (re-run from saved position)
  692/ 330 :                            ; 
  693/ 330 :                            ; The sram[source+1] value is written to $02 by irq3_first_time on the
  694/ 330 :                            ; first RAUD after full_setup. This points to byte[2] of the micro-program
  695/ 330 :                            ; (the first opcode, past the 2-byte header). So each RAUD re-executes
  696/ 330 :                            ; the entire micro-program from the start.
  697/ 330 :                            ; 
  698/ 330 :                            ; NOTE: PROG_CTR here is a RELATIVE offset (0-based into the program).
  699/ 330 :                            ; The ADD #$1D converts it to an absolute register-file address, since
  700/ 330 :                            ; micro-program bytes are stored in reg[$1D] onward after LDEI load.
  701/ 330 : BC F5                              LD      R11, #0F5h
  702/ 332 : 82 BA                              LDE     R11, @RR10                      ; R11 = sram[$F5] = micro-program source base (e.g., $D4)
  703/ 334 : BE                                 INC     R11                             ; INC R11 → point to sram[source+1] (saved PROG_CTR start)
  704/ 335 : 82 CA                              LDE     R12, @RR10                      ; R12 = sram[source+1] = saved start offset ($02 after first_time)
  705/ 337 : C9 1B                              LD      PROG_CTR, R12                   ; PROG_CTR = saved start offset (relative, before ADD #$1D)
  706/ 339 : BC FE                              LD      R11, #0FEh                      ; R11 = $FE (slave RAM address of reg[$14] init)
  707/ 33B : CC 14                              LD      R12, #14h                       ; R12 = $14 (destination register = ACC2_HI)
  708/ 33D : 83 CA                              LDEI    @R12, @RR10                     ; reg[$14] = sram[$FE] (ACC2_HI), R12→$15, R11→$FF
  709/ 33F : 83 CA                              LDEI    @R12, @RR10                     ; reg[$15] = sram[$FF] (ACC2_LO), R12→$16, R11→$00(wrap)
  710/ 341 : C8 E3                              LD      R12, PORT3                      ; R12 = Port 3 (EXSLA routing bits from master)
  711/ 343 : E6 F8 0C                           LD      0F8h, #0Ch                      ; 0F8=P01M (port 0/1 mode)  ; P01M = $0C (Port 0 = output, Port 1 = input; release data bus)
  712/ 346 : B6 E2 07                           XOR     PORT2, #07h                     ; XOR Port 2 (toggle bus handshake lines)
  713/ 349 : E6 F6 04                           LD      0F6h, #04h                      ; 0F6=P2M (port 2 mode / RARC)  ; P2M = $04 (RARC = input/high-Z; release bus to master)
  714/ 34C : 66 10 80                           TCM     MODE, #80h                      ; MODE bit 7: pitch envelope enable?
  715/ 34F : 6B 05                              JR      Z, .L_0356                      ; bit 7 SET (Z) → pitch tracking active: load PITCH_ENV + EXSLA
  716/ 351 : E6 1A 00                           LD      PITCH_ENV, #00h                 ; bit 7 CLEAR: fixed formant, no pitch modulation
  717/ 354 : 8B 12                              JR      .L_0368                         ; skip to loop counter reset
  718/ 356 :                            .L_0356:                                ; called from: .cmd_run_prog($034F)
  719/ 356 : E4 15 1A                           LD      PITCH_ENV, ACC2_LO              ; PITCH_ENV = ACC2_LO (pitch modulation depth from COP)
  720/ 359 : B0 15                              CLR     ACC2_LO                         ; clear ACC2_LO after consuming it
  721/ 35B : F0 EC                              SWAP    R12                             ; extract EXSLA routing: SWAP + RL + AND $C0 → bits [7:6]
  722/ 35D : 90 EC                              RL      R12
  723/ 35F : 56 EC C0                           AND     R12, #0C0h
  724/ 362 : 56 12 3F                           AND     PITCH_HI, #3Fh                  ; clear EXSLA bits in PITCH_HI (keep coeff bits [5:0])
  725/ 365 : 44 EC 12                           OR      PITCH_HI, R12                   ; merge new EXSLA bits [7:6] into PITCH_HI
  726/ 368 :                            .L_0368:                                ; called from: .cmd_run_prog($0354)
  727/ 368 : B0 18                              CLR     LOOP1_CTR                       ; clear loop counters (micro-program loops restart each RAUD)
  728/ 36A : B0 19                              CLR     LOOP2_CTR
  729/ 36C : 06 1B 1D                           ADD     PROG_CTR, #1Dh                  ; PROG_CTR += $1D → absolute register address (reg[$1F] for offset $02)
  730/ 36F : B0 1C                              CLR     BLOCK_CTR                       ; clear block counter (LFSR/repeat state resets each RAUD)
  731/ 371 : 8D 05 8E                           JP      micro_program_interpreter       ; restart micro-program interpreter from saved position
  732/ 374 :                            
  733/ 374 :                            ; ============================================================
  734/ 374 :                            ; === VOICE PARAMETER UPDATE ($0374) ===
  735/ 374 :                            ; ============================================================
  736/ 374 :                                    ORG     0374h
  737/ 374 :                            .cmd_voice_param_update:                                ; 1 refs
  738/ 374 : BE                                 INC     R11
  739/ 375 : CC F1                              LD      R12, #0F1h
  740/ 377 : 83 CA                              LDEI    @R12, @RR10
  741/ 379 : 83 CA                              LDEI    @R12, @RR10
  742/ 37B : 83 CA                              LDEI    @R12, @RR10
  743/ 37D : E6 F8 1C                           LD      0F8h, #1Ch                      ; 0F8=P01M (port 0/1 mode)
  744/ 380 : B6 E2 07                           XOR     PORT2, #07h
  745/ 383 : E6 F6 04                           LD      0F6h, #04h                      ; 0F6=P2M (port 2 mode / RARC)
  746/ 386 : 8D 02 5D                           JP      spin_forever
  747/ 389 :                            
  748/ 389 :                            ; ============================================================
  749/ 389 :                            ; === STOP — Voice off ($0389) ===
  750/ 389 :                            ; ============================================================
  751/ 389 :                                    ORG     0389h
  752/ 389 :                            .cmd_stop:                                ; 1 refs
  753/ 389 : E6 F8 1C                           LD      0F8h, #1Ch                      ; 0F8=P01M (port 0/1 mode)
  754/ 38C : B6 E2 07                           XOR     PORT2, #07h
  755/ 38F : E6 F7 01                           LD      0F7h, #01h                      ; 0F7=P3M (port 3 mode)
  756/ 392 : E6 F6 0C                           LD      0F6h, #0Ch                      ; 0F6=P2M (port 2 mode / RARC)
  757/ 395 : E6 F6 04                           LD      0F6h, #04h                      ; 0F6=P2M (port 2 mode / RARC)
  758/ 398 : 56 ED F8                           AND     R13, #0F8h
  759/ 39B : 06 ED 05                           ADD     R13, #05h
  760/ 39E : 28 ED                              LD      PORT2, R13
  761/ 3A0 : 0C 80                              LD      PORT0_DAC, #80h
  762/ 3A2 : 8D 02 50                           JP      init_enable_irq
  763/ 3A5 :                            
  764/ 3A5 :                            ; ============================================================
  765/ 3A5 :                            ; === FULL VOICE SETUP ($03A5) ===
  766/ 3A5 :                            ; ============================================================
  767/ 3A5 :                                    ORG     03A5h
  768/ 3A5 :                            .cmd_full_setup:                                ; 1 refs
  769/ 3A5 :                            ; Full voice setup. Bulk-loads slave RAM parameters into registers,
  770/ 3A5 :                            ; then sets up LFSR state, pitch envelope, EXSLA, and micro-program.
  771/ 3A5 :                            ; 
  772/ 3A5 :                            ; LDEI chain: R11=$F9 (source), R12=$0F (dest). 7 iterations:
  773/ 3A5 :                            ;   sram[$F9] → reg[$0F] = R15 (WAVE_R15)  wrap point / sample count
  774/ 3A5 :                            ;   sram[$FA] → reg[$10] = MODE             synthesis mode + sub-mode
  775/ 3A5 :                            ;   sram[$FB] → reg[$11] = LFSR_VIB_STATE  → ACC3_HI (saved, then $DB overwrites)
  776/ 3A5 :                            ;   sram[$FC] → reg[$12] = PITCH_HI         frequency coefficient high
  777/ 3A5 :                            ;   sram[$FD] → reg[$13] = PITCH_LO         frequency coefficient low
  778/ 3A5 :                            ;   sram[$FE] → reg[$14] = ACC2_HI          pitch envelope param (NOT R14!)
  779/ 3A5 :                            ;   sram[$FF] → reg[$15] = ACC2_LO          pitch fine value (NOT R15!)
  780/ 3A5 :                            ; 
  781/ 3A5 :                            ; Note: ACC2_HI/LO are reg[$14/$15], NOT the same as R14/R15 (reg[$0E/$0F]).
  782/ 3A5 :                            ; After LDEI: R11=$00 (wrapped), R12=$16.
  783/ 3A5 : 8F                                 DI
  784/ 3A6 : E6 FB 08                           LD      0FBh, #08h                      ; 0FB=IMR (interrupt mask)
  785/ 3A9 : D9 FC                              LD      0FCh, R13                       ; 0FC=FLAGS (flags register)  ; FLAGS = R13 (save command byte for irq3_first_time check)
  786/ 3AB : 56 ED F8                           AND     R13, #0F8h                      ; R13 = (R13 & $F8) + $02 → slave address for bus handshake
  787/ 3AE : 06 ED 02                           ADD     R13, #02h
  788/ 3B1 : 28 ED                              LD      PORT2, R13                      ; PORT2 = R13 (assert slave select on bus)
  789/ 3B3 : BC F9                              LD      R11, #0F9h                      ; R11 = $F9 (LDEI source start: sram[$F9])
  790/ 3B5 : CC 0F                              LD      R12, #0Fh                       ; R12 = $0F (LDEI dest start: reg[$0F] = R15)
  791/ 3B7 : 83 CA                              LDEI    @R12, @RR10                     ; sram[$F9] → reg[$0F] = R15: wrap point (Mode C) / sample count (Mode B)
  792/ 3B9 : 83 CA                              LDEI    @R12, @RR10                     ; sram[$FA] → reg[$10] = MODE: mode bits 5:4 + sub bits 3:0
  793/ 3BB : 83 CA                              LDEI    @R12, @RR10                     ; sram[$FB] → reg[$11] = LFSR_VIB_STATE: used for ACC3_HI init, then overwritten to $DB
  794/ 3BD : 83 CA                              LDEI    @R12, @RR10                     ; sram[$FC] → reg[$12] = PITCH_HI: coeff high (bits 3:0 = multiply, 7:6 = EXSLA)
  795/ 3BF : 83 CA                              LDEI    @R12, @RR10                     ; sram[$FD] → reg[$13] = PITCH_LO: coeff low
  796/ 3C1 : 83 CA                              LDEI    @R12, @RR10                     ; sram[$FE] → reg[$14] = ACC2_HI: pitch envelope param
  797/ 3C3 : 83 CA                              LDEI    @R12, @RR10                     ; sram[$FF] → reg[$15] = ACC2_LO: pitch fine value (from voice_write_pitch)
  798/ 3C5 : E4 11 16                           LD      ACC3_HI, LFSR_VIB_STATE         ; ACC3_HI = sram[$FB] (move to reg[$16] — this is the actual use of sram[$FB])
  799/ 3C8 : B0 17                              CLR     ACC3_LO                         ; ACC3_LO = 0
  800/ 3CA : E6 11 DB                           LD      LFSR_VIB_STATE, #0DBh           ; LFSR_VIB_STATE = $DB (fixed init seed for LFSR/vibrato)
  801/ 3CD : 66 10 80                           TCM     MODE, #80h                      ; MODE bit 7: pitch envelope enable?
  802/ 3D0 : 6B 05                              JR      Z, .pitch_env_from_acc2         ; bit 7 SET (Z) → pitch tracking active: load PITCH_ENV + EXSLA
  803/ 3D2 : E6 1A 00                           LD      PITCH_ENV, #00h                 ; bit 7 CLEAR: fixed formant, no pitch modulation
  804/ 3D5 : 8B 12                              JR      .load_micro_program             ; skip EXSLA setup
  805/ 3D7 :                            .pitch_env_from_acc2:                                ; 1 refs
  806/ 3D7 : E4 15 1A                           LD      PITCH_ENV, ACC2_LO              ; initial pitch envelope = ACC2_LO (reg[$15])
  807/ 3DA : C8 E3                              LD      R12, PORT3                      ; read EXSLA routing from Port 3
  808/ 3DC : F0 EC                              SWAP    R12
  809/ 3DE : 90 EC                              RL      R12
  810/ 3E0 : 56 EC C0                           AND     R12, #0C0h
  811/ 3E3 : 56 12 3F                           AND     PITCH_HI, #3Fh                  ; merge EXSLA bits [7:6] into PITCH_HI (reg[$12])
  812/ 3E6 : 44 EC 12                           OR      PITCH_HI, R12
  813/ 3E9 :                            .load_micro_program:                                ; 1 refs
  814/ 3E9 : 4C 02                              LD      ZERO, #02h                      ; R4:R5 = call address for LDEI sled ($02:computed)
  815/ 3EB : 5C DD                              LD      MICRO_OP, #0DDh                 ; R5 = $DD (end of LDEI sled)
  816/ 3ED : BC F4                              LD      R11, #0F4h                      ; R11 = slave_ram[$F4] (harmonic byte → sled offset)
  817/ 3EF : 82 CA                              LDE     R12, @RR10                      ; R12 = harmonic count from slave RAM
  818/ 3F1 : 22 5C                              SUB     MICRO_OP, R12                   ; R5 -= 2*harmonics (each LDEI is 2 bytes)
  819/ 3F3 : 22 5C                              SUB     MICRO_OP, R12
  820/ 3F5 : BC F5                              LD      R11, #0F5h                      ; R11 = slave_ram[$F5]
  821/ 3F7 : 82 BA                              LDE     R11, @RR10                      ; R11 = slave_ram[$F5] (micro-program data source pointer)
  822/ 3F9 : CC 1D                              LD      R12, #1Dh                       ; R12 = $1D (LDEI destination: reg[$1D] onward = micro-program storage)
  823/ 3FB : D4 E4                              CALL    @RR4                            ; CALL @RR4 → computed jump into LDEI sled at $02xx, loads N bytes from slave RAM
  824/ 3FD : E4 1D 1B                           LD      PROG_CTR, TIMER_VAL             ; PROG_CTR = reg[$1D] (first micro-program byte = start_offset / library address)
  825/ 400 : 0C 80                              LD      PORT0_DAC, #80h
  826/ 402 : B0 E7                              CLR     PHASE
  827/ 404 : 66 10 20                           TCM     MODE, #20h
  828/ 407 : 6D 05 0E                           JP      Z, synthesis_mode_a
  829/ 40A : 66 10 10                           TCM     MODE, #10h
  830/ 40D : ED 04 DD                           JP      NZ, synthesis_mode_b
  831/ 410 : 7C 40                              LD      PHASE, #40h
  832/ 412 :                            
  833/ 412 :                            ; ============================================================
  834/ 412 :                            ; === Mode C setup — wrap-point division + wavetable fill ($F2). MODE bits 5:4 = $10 ($0412) ===
  835/ 412 :                            ; ============================================================
  836/ 412 :                                    ORG     0412h
  837/ 412 :                            synthesis_mode_c:
  838/ 412 :                            ; Mode C setup: 8-bit restoring division + wavetable fill.
  839/ 412 :                            ; Computes a wrap offset via division, stores it at reg[$7F], then fills
  840/ 412 :                            ; reg[$40-$7E] with delta-adjusted waveform samples from slave RAM.
  841/ 412 :                            ; 
  842/ 412 :                            ; Runtime ($F2 micro-op): DAC = reg[$40+PHASE]; if PHASE >= R15: wrap to 0,
  843/ 412 :                            ;   else PHASE += R14. So R14=freq step, R15=wrap point (wavetable length).
  844/ 412 :                            ; 
  845/ 412 :                            ; Setup inputs (R14/R15 used as temps during setup, NOT runtime values):
  846/ 412 :                            ;   sram[$F7] → R14 (temp): freq step (also used by $F2 at runtime)
  847/ 412 :                            ;   sram[$F6] → R5 (MICRO_OP, temp): waveform source offset in slave RAM
  848/ 412 :                            ;   R15 (= reg[$0F], from sram[$F9] via full_setup LDEI): wrap point / wavetable length
  849/ 412 :                            ; 
  850/ 412 :                            ; Algorithm:
  851/ 412 :                            ;   1. Read last waveform sample from sram[sram[$F6] + $3F]
  852/ 412 :                            ;   2. Compute dividend = ((last_sample - freq_step)/2 + R15 + 1) / 2
  853/ 412 :                            ;   3. Compute divisor = ($41 + R15) / 2
  854/ 412 :                            ;   4. 8-bit restoring division: quotient → R14 (temp)
  855/ 412 :                            ;   5. Complement quotient, store at reg[$7F] (wrap-boundary value)
  856/ 412 :                            ;   6. Compute delta = complemented_quotient - next_sample
  857/ 412 :                            ;   7. Fill reg[$40-$7E] with (sample + delta) from slave RAM backward
  858/ 412 :                            ;   8. Restore R10=$10 (slave RAM bank), JP synthesis_loop_entry
  859/ 412 : BC F7                              LD      R11, #0F7h
  860/ 414 : 82 EA                              LDE     WAVE_R14, @RR10                 ; R14 = sram[$F7] = freq step (temp: used in division)
  861/ 416 : BC F6                              LD      R11, #0F6h
  862/ 418 : 82 5A                              LDE     MICRO_OP, @RR10                 ; R5 = sram[$F6] = waveform source offset
  863/ 41A : 06 E5 3F                           ADD     MICRO_OP, #3Fh                  ; R5 += $3F → point to last sample in waveform area
  864/ 41D : 4C 10                              LD      ZERO, #10h                      ; R4 = $10 (set up RR4 = $10:R5 for slave RAM reads)
  865/ 41F : 82 A4                              LDE     R10, @RR4                       ; R10 = sram[R4:R5] = last waveform sample
  866/ 421 : B0 EB                              CLR     R11                             ; R11 = 0 (extend to 16-bit for division)
  867/ 423 : 22 AE                              SUB     R10, WAVE_R14                   ; R10 -= R14 (last_sample - freq_step)
  868/ 425 : CF                                 RCF
  869/ 426 : C0 EA                              RRC     R10
  870/ 428 : C0 EB                              RRC     R11
  871/ 42A : AE                                 INC     R10                             ; R10 += 1
  872/ 42B : 02 AF                              ADD     R10, WAVE_R15                   ; R10 += R15 (add wrap point)
  873/ 42D : C0 EA                              RRC     R10                             ; RRC R10:R11 → divide by 2 again (dividend ready)
  874/ 42F : C0 EB                              RRC     R11
  875/ 431 : B0 ED                              CLR     R13                             ; R13 = 0 (divisor low byte)
  876/ 433 : CC 41                              LD      R12, #41h                       ; R12 = $41 + R15 (divisor base)
  877/ 435 : 02 CF                              ADD     R12, WAVE_R15
  878/ 437 : B0 EE                              CLR     WAVE_R14                        ; R14 = 0 (quotient accumulator)
  879/ 439 : C0 EC                              RRC     R12                             ; RRC R12:R13 → divisor / 2 (first bit position)
  880/ 43B : C0 ED                              RRC     R13
  881/ 43D : 22 BD                              SUB     R11, R13                        ; --- 8-bit restoring division: 8 unrolled iterations ---
  882/ 43F : 32 AC                              SBC     R10, R12
  883/ 441 : FB 04                              JR      NC, .div_bit1
  884/ 443 : 02 BD                              ADD     R11, R13
  885/ 445 : 12 AC                              ADC     R10, R12
  886/ 447 :                            .div_bit1:                                ; 1 refs
  887/ 447 : 10 EE                              RLC     WAVE_R14
  888/ 449 : C0 EC                              RRC     R12
  889/ 44B : C0 ED                              RRC     R13
  890/ 44D : 22 BD                              SUB     R11, R13
  891/ 44F : 32 AC                              SBC     R10, R12
  892/ 451 : FB 04                              JR      NC, .div_bit2
  893/ 453 : 02 BD                              ADD     R11, R13
  894/ 455 : 12 AC                              ADC     R10, R12
  895/ 457 :                            .div_bit2:                                ; 1 refs
  896/ 457 : 10 EE                              RLC     WAVE_R14
  897/ 459 : C0 EC                              RRC     R12
  898/ 45B : C0 ED                              RRC     R13
  899/ 45D : 22 BD                              SUB     R11, R13
  900/ 45F : 32 AC                              SBC     R10, R12
  901/ 461 : FB 04                              JR      NC, .div_bit3
  902/ 463 : 02 BD                              ADD     R11, R13
  903/ 465 : 12 AC                              ADC     R10, R12
  904/ 467 :                            .div_bit3:                                ; 1 refs
  905/ 467 : 10 EE                              RLC     WAVE_R14
  906/ 469 : C0 EC                              RRC     R12
  907/ 46B : C0 ED                              RRC     R13
  908/ 46D : 22 BD                              SUB     R11, R13
  909/ 46F : 32 AC                              SBC     R10, R12
  910/ 471 : FB 04                              JR      NC, .div_bit4
  911/ 473 : 02 BD                              ADD     R11, R13
  912/ 475 : 12 AC                              ADC     R10, R12
  913/ 477 :                            .div_bit4:                                ; 1 refs
  914/ 477 : 10 EE                              RLC     WAVE_R14
  915/ 479 : C0 EC                              RRC     R12
  916/ 47B : C0 ED                              RRC     R13
  917/ 47D : 22 BD                              SUB     R11, R13
  918/ 47F : 32 AC                              SBC     R10, R12
  919/ 481 : FB 04                              JR      NC, .div_bit5
  920/ 483 : 02 BD                              ADD     R11, R13
  921/ 485 : 12 AC                              ADC     R10, R12
  922/ 487 :                            .div_bit5:                                ; 1 refs
  923/ 487 : 10 EE                              RLC     WAVE_R14
  924/ 489 : C0 EC                              RRC     R12
  925/ 48B : C0 ED                              RRC     R13
  926/ 48D : 22 BD                              SUB     R11, R13
  927/ 48F : 32 AC                              SBC     R10, R12
  928/ 491 : FB 04                              JR      NC, .div_bit6
  929/ 493 : 02 BD                              ADD     R11, R13
  930/ 495 : 12 AC                              ADC     R10, R12
  931/ 497 :                            .div_bit6:                                ; 1 refs
  932/ 497 : 10 EE                              RLC     WAVE_R14
  933/ 499 : C0 EC                              RRC     R12
  934/ 49B : C0 ED                              RRC     R13
  935/ 49D : 22 BD                              SUB     R11, R13
  936/ 49F : 32 AC                              SBC     R10, R12
  937/ 4A1 : FB 04                              JR      NC, .div_bit7
  938/ 4A3 : 02 BD                              ADD     R11, R13
  939/ 4A5 : 12 AC                              ADC     R10, R12
  940/ 4A7 :                            .div_bit7:                                ; 1 refs
  941/ 4A7 : 10 EE                              RLC     WAVE_R14
  942/ 4A9 : C0 EC                              RRC     R12
  943/ 4AB : C0 ED                              RRC     R13
  944/ 4AD : 22 BD                              SUB     R11, R13
  945/ 4AF : 32 AC                              SBC     R10, R12
  946/ 4B1 : FB 04                              JR      NC, .div_done
  947/ 4B3 : 02 BD                              ADD     R11, R13
  948/ 4B5 : 12 AC                              ADC     R10, R12
  949/ 4B7 :                            .div_done:                                ; 1 refs
  950/ 4B7 : 10 EE                              RLC     WAVE_R14                        ; last RLC R14 (8th quotient bit)
  951/ 4B9 : 60 EE                              COM     WAVE_R14                        ; COM R14 → complement quotient (invert all bits)
  952/ 4BB : DC 3E                              LD      R13, #3Eh                       ; R13 = $3E (index for reg[$7F] = $41 + $3E)
  953/ 4BD : D7 ED 41                           LD      41h(R13), WAVE_R14              ; reg[$7F] = R14 (store wrap-boundary value at end of wavetable)
  954/ 4C0 : 82 C4                              LDE     R12, @RR4                       ; R12 = next sample from sram (read via RR4, R5 decrements)
  955/ 4C2 : 22 EC                              SUB     WAVE_R14, R12                   ; R14 -= R12 (delta = wrap_value - sample)
  956/ 4C4 : 00 E5                              DEC     MICRO_OP                        ; DEC R5 (advance source pointer backward)
  957/ 4C6 :                            .fill_loop:                                ; 1 refs
  958/ 4C6 : 82 C4                              LDE     R12, @RR4                       ; fill loop: R12 = sram sample
  959/ 4C8 : 02 CE                              ADD     R12, WAVE_R14                   ; R12 += R14 (add delta offset to sample)
  960/ 4CA : D7 CD 40                           LD      40h(R13), R12                   ; reg[$40+R13] = R12 (store in wavetable)
  961/ 4CD : 00 E5                              DEC     MICRO_OP                        ; DEC R5 (next source sample)
  962/ 4CF : DA F5                              DJNZ    R13, .fill_loop                 ; DJNZ R13 → loop until reg[$41] filled
  963/ 4D1 : 82 C4                              LDE     R12, @RR4                       ; last sample for reg[$40]
  964/ 4D3 : 02 CE                              ADD     R12, WAVE_R14
  965/ 4D5 : D7 CD 40                           LD      40h(R13), R12
  966/ 4D8 : AC 10                              LD      R10, #10h                       ; R10 = $10 (restore slave RAM bank byte for RR10)
  967/ 4DA : 8D 05 7B                           JP      synthesis_loop_entry            ; → synthesis_loop_entry
  968/ 4DD :                            
  969/ 4DD :                            ; ============================================================
  970/ 4DD :                            ; === Mode B setup — waveform load + variable-duty DDS ($CF). MODE bits 5:4 = $00 ($04DD) ===
  971/ 4DD :                            ; ============================================================
  972/ 4DD :                                    ORG     04DDh
  973/ 4DD :                            synthesis_mode_b:                                ; 1 refs
  974/ 4DD :                            ; Mode B waveform loading. Copies samples from slave RAM into reg[$40+].
  975/ 4DD :                            ; Two paths based on sram[$F7] (R14, here used as temp = sample delta):
  976/ 4DD :                            ; 
  977/ 4DD :                            ;   R14 != 0 (delta mode): manual loop copies R15 samples from sram[R11],
  978/ 4DD :                            ;     subtracting R14 from each sample. Stores at reg[$40+R15] downward.
  979/ 4DD :                            ;     This creates a DC-offset-removed waveform (R14 = DC bias to remove).
  980/ 4DD :                            ; 
  981/ 4DD :                            ;   R14 == 0 (direct mode): uses LDEI sled to bulk-copy R15 samples from
  982/ 4DD :                            ;     sram[R11] into reg[$40] onward. No per-sample processing.
  983/ 4DD :                            ; 
  984/ 4DD :                            ;   sram[$F7]: sample delta / DC offset to subtract (0 = no subtraction)
  985/ 4DD :                            ;   sram[$F6]: waveform source address in slave RAM
  986/ 4DD :                            ;   R15 (= reg[$0F], from sram[$F9] via full_setup LDEI): sample count - 1
  987/ 4DD :                            ; 
  988/ 4DD :                            ; After loading: falls through to synthesis_loop_entry.
  989/ 4DD : BC F7                              LD      R11, #0F7h
  990/ 4DF : 82 EA                              LDE     WAVE_R14, @RR10
  991/ 4E1 : BC F6                              LD      R11, #0F6h                      ; R11 = sram[$F6] = waveform source address in slave RAM
  992/ 4E3 : 82 BA                              LDE     R11, @RR10
  993/ 4E5 : A6 EE 00                           CP      WAVE_R14, #00h                  ; R14 == 0? (no delta subtraction needed?)
  994/ 4E8 : 6B 18                              JR      Z, .wave_ldei_path              ; R14 == 0 → direct LDEI copy path
  995/ 4EA : 02 BF                              ADD     R11, WAVE_R15                   ; R11 += R15 → point to end of source (loop copies backward)
  996/ 4EC : D8 EF                              LD      R13, WAVE_R15                   ; R13 = R15 (loop counter = sample count)
  997/ 4EE :                            .wave_copy_loop:                                ; 1 refs
  998/ 4EE : 82 CA                              LDE     R12, @RR10                      ; R12 = sram[R11] (read one sample from slave RAM)
  999/ 4F0 : 22 CE                              SUB     R12, WAVE_R14                   ; R12 -= R14 (subtract DC offset / delta)
 1000/ 4F2 : D7 CD 40                           LD      40h(R13), R12                   ; reg[$40+R13] = R12 (store processed sample in wavetable area)
 1001/ 4F5 : 00 EB                              DEC     R11                             ; DEC R11 (move to previous source byte)
 1002/ 4F7 : DA F5                              DJNZ    R13, .wave_copy_loop            ; DJNZ R13 → loop (R13 counts down, stores at $40+R13...$40+1)
 1003/ 4F9 : 82 CA                              LDE     R12, @RR10                      ; last sample: R12 = sram[R11]
 1004/ 4FB : 22 CE                              SUB     R12, WAVE_R14                   ; R12 -= R14
 1005/ 4FD : D7 CD 40                           LD      40h(R13), R12                   ; reg[$40+0] = R12 (store at reg[$40], completing the table)
 1006/ 500 : 8B 79                              JR      synthesis_loop_entry            ; → synthesis_loop_entry
 1007/ 502 :                            .wave_ldei_path:                                ; 1 refs
 1008/ 502 : CC 40                              LD      R12, #40h                       ; direct copy path (R14 == 0): use LDEI sled
 1009/ 504 : 5C DD                              LD      MICRO_OP, #0DDh                 ; R5 = $DD (end of LDEI sled)
 1010/ 506 : 22 5F                              SUB     MICRO_OP, WAVE_R15              ; R5 -= R15 * 2 (compute sled entry for R15 bytes)
 1011/ 508 : 22 5F                              SUB     MICRO_OP, WAVE_R15
 1012/ 50A : D4 E4                              CALL    @RR4                            ; CALL @RR4 → LDEI sled copies R15 samples: sram[R11+] → reg[$40+]
 1013/ 50C : 8B 6D                              JR      synthesis_loop_entry            ; → synthesis_loop_entry
 1014/ 50E :                            
 1015/ 50E :                            ; ============================================================
 1016/ 50E :                            ; === Mode A — Oversampled wavetable + direct DDS ($20-$C4). MODE bits 5:4 = $20 ($050E) ===
 1017/ 50E :                            ; ============================================================
 1018/ 50E :                                    ORG     050Eh
 1019/ 50E :                            synthesis_mode_a:                                ; 1 refs
 1020/ 50E : BC F6                              LD      R11, #0F6h
 1021/ 510 : 82 BA                              LDE     R11, @RR10
 1022/ 512 : D8 10                              LD      R13, MODE
 1023/ 514 : 56 ED 0F                           AND     R13, #0Fh
 1024/ 517 : A6 ED 09                           CP      R13, #09h
 1025/ 51A : 6B 30                              JR      Z, .mode_a_sub9
 1026/ 51C : 7B 58                              JR      C, .mode_a_sub_lt9
 1027/ 51E :                            .mode_a_sub_gt9:
 1028/ 51E : 82 EA                              LDE     WAVE_R14, @RR10
 1029/ 520 : 06 EB 0F                           ADD     R11, #0Fh
 1030/ 523 : DC 3C                              LD      R13, #3Ch
 1031/ 525 :                            .L_0525:
 1032/ 525 : 82 FA                              LDE     WAVE_R15, @RR10
 1033/ 527 : C8 EF                              LD      R12, WAVE_R15
 1034/ 529 : D7 FD 40                           LD      40h(R13), WAVE_R15
 1035/ 52C : 02 FE                              ADD     WAVE_R15, WAVE_R14
 1036/ 52E : C0 EF                              RRC     WAVE_R15
 1037/ 530 : D7 FD 42                           LD      42h(R13), WAVE_R15
 1038/ 533 : 02 EF                              ADD     WAVE_R14, WAVE_R15
 1039/ 535 : C0 EE                              RRC     WAVE_R14
 1040/ 537 : D7 ED 43                           LD      43h(R13), WAVE_R14
 1041/ 53A : 02 FC                              ADD     WAVE_R15, R12
 1042/ 53C : C0 EF                              RRC     WAVE_R15
 1043/ 53E : D7 FD 41                           LD      41h(R13), WAVE_R15
 1044/ 541 : E8 EC                              LD      WAVE_R14, R12
 1045/ 543 : 00 EB                              DEC     R11
 1046/ 545 : 26 ED 04                           SUB     R13, #04h
 1047/ 548 : DB DB                              JR      PL, .L_0525
 1048/ 54A : 8B 2F                              JR      synthesis_loop_entry
 1049/ 54C :                            .mode_a_sub9:                                ; 1 refs
 1050/ 54C : 82 EA                              LDE     WAVE_R14, @RR10
 1051/ 54E : 06 EB 1F                           ADD     R11, #1Fh
 1052/ 551 : CC 3C                              LD      R12, #3Ch
 1053/ 553 :                            .L_0553:
 1054/ 553 : 82 FA                              LDE     WAVE_R15, @RR10
 1055/ 555 : D7 FC 42                           LD      42h(R12), WAVE_R15
 1056/ 558 : 02 EF                              ADD     WAVE_R14, WAVE_R15
 1057/ 55A : C0 EE                              RRC     WAVE_R14
 1058/ 55C : D7 EC 43                           LD      43h(R12), WAVE_R14
 1059/ 55F : 00 EB                              DEC     R11
 1060/ 561 : 82 EA                              LDE     WAVE_R14, @RR10
 1061/ 563 : D7 EC 40                           LD      40h(R12), WAVE_R14
 1062/ 566 : 02 FE                              ADD     WAVE_R15, WAVE_R14
 1063/ 568 : C0 EF                              RRC     WAVE_R15
 1064/ 56A : D7 FC 41                           LD      41h(R12), WAVE_R15
 1065/ 56D : 00 EB                              DEC     R11
 1066/ 56F : 26 EC 04                           SUB     R12, #04h
 1067/ 572 : DB DF                              JR      PL, .L_0553
 1068/ 574 : 8B 05                              JR      synthesis_loop_entry
 1069/ 576 :                            .mode_a_sub_lt9:                                ; 1 refs
 1070/ 576 : CC 40                              LD      R12, #40h
 1071/ 578 : D6 02 5F                           CALL    ldei_chain_start
 1072/ 57B :                            
 1073/ 57B :                            ; ============================================================
 1074/ 57B :                            ; === Synthesis loop entry — CLR ACC, add $1D to PROG_CTR, enter interpreter ($057B) ===
 1075/ 57B :                            ; ============================================================
 1076/ 57B :                                    ORG     057Bh
 1077/ 57B :                            synthesis_loop_entry:                                ; 5 refs
 1078/ 57B :                            ; Synthesis loop entry: reset ACC and loop state, prepare PROG_CTR for interpreter.
 1079/ 57B :                            ; Called once during setup (from synthesis_mode_a/b/c), NOT on each ECLK.
 1080/ 57B :                            ; 
 1081/ 57B :                            ; Key action: ADD PROG_CTR, #$1C (+ INC at interpreter_reentry = +$1D total).
 1082/ 57B :                            ; This converts the raw start_offset from micro_raw[0] to a register-file address:
 1083/ 57B :                            ;   Normal programs (offset $02): PROG_CTR = $02 + $1D = $1F → reg[$1F] = first opcode
 1084/ 57B :                            ;   Library programs (offset $2A): PROG_CTR = $2A + $1D = $47 → finalize_output inits ACC
 1085/ 57B :                            ; 
 1086/ 57B :                            ; ACC is CLR'd here ($0000). For library programs, finalize_output overwrites it.
 1087/ 57B :                            ; For normal programs with LFSR, the first opcode should be LOAD to set ACC base.
 1088/ 57B : B0 E8                              CLR     ACC_HI
 1089/ 57D : B0 E9                              CLR     ACC_LO                          ; ACC_LO = 0
 1090/ 57F : B0 18                              CLR     LOOP1_CTR
 1091/ 581 : B0 19                              CLR     LOOP2_CTR
 1092/ 583 : B0 1C                              CLR     BLOCK_CTR
 1093/ 585 : B0 E4                              CLR     ZERO                            ; R4 = 0 (ZERO register, used throughout as constant 0)
 1094/ 587 : 5C 19                              LD      MICRO_OP, #19h                  ; MICRO_OP = $19 (silence micro-op, placeholder until real synthesis starts)
 1095/ 589 : 06 1B 1C                           ADD     PROG_CTR, #1Ch                  ; ADD $1C to PROG_CTR (+ INC at $058C = +$1D converts offset to reg address)
 1096/ 58C :                            interpreter_reentry:                                ; 39 refs
 1097/ 58C : 20 1B                              INC     PROG_CTR
 1098/ 58E :                            
 1099/ 58E :                            ; ============================================================
 1100/ 58E :                            ; === Micro-program interpreter ($058E) ===
 1101/ 58E :                            ; ============================================================
 1102/ 58E :                                    ORG     058Eh
 1103/ 58E :                            micro_program_interpreter:                                ; 5 refs
 1104/ 58E : A6 1B 3D                           CP      PROG_CTR, #3Dh
 1105/ 591 : FD 0C A5                           JP      NC, finalize_output
 1106/ 594 : E5 1B EB                           LD      R11, @PROG_CTR
 1107/ 597 : 76 EB 03                           TM      R11, #03h
 1108/ 59A : 6B 0C                              JR      Z, .L_05A8
 1109/ 59C : 90 EB                              RL      R11
 1110/ 59E : 56 EB 1E                           AND     R11, #1Eh
 1111/ 5A1 : 06 EB 92                           ADD     R11, #92h
 1112/ 5A4 : AC 01                              LD      R10, #01h
 1113/ 5A6 : 8B 0D                              JR      .L_05B5
 1114/ 5A8 :                            .L_05A8:                                ; called from: micro_program_interpreter($059A)
 1115/ 5A8 : E0 EB                              RR      R11
 1116/ 5AA : 56 EB 7E                           AND     R11, #7Eh
 1117/ 5AD : B0 EA                              CLR     R10
 1118/ 5AF : 06 EB B2                           ADD     R11, #0B2h
 1119/ 5B2 : 16 EA 01                           ADC     R10, #01h
 1120/ 5B5 :                            .L_05B5:                                ; called from: micro_program_interpreter($05A6)
 1121/ 5B5 : C2 CA                              LDC     R12, @RR10
 1122/ 5B7 : BE                                 INC     R11
 1123/ 5B8 : C2 DA                              LDC     R13, @RR10
 1124/ 5BA : 30 EC                              JP      @RR12
 1125/ 5BC :                            
 1126/ 5BC :                            ; ============================================================
 1127/ 5BC :                            ; === ENV=imm ($x1) — load immediate to R8:R9 ($05BC) ===
 1128/ 5BC :                            ; ============================================================
 1129/ 5BC :                                    ORG     05BCh
 1130/ 5BC :                            op_load_r8r9:
 1131/ 5BC : E5 1B E9                           LD      ACC_LO, @PROG_CTR
 1132/ 5BF : 56 E9 F0                           AND     ACC_LO, #0F0h
 1133/ 5C2 : 20 1B                              INC     PROG_CTR
 1134/ 5C4 : E5 1B E8                           LD      ACC_HI, @PROG_CTR
 1135/ 5C7 : 8D 0C CA                           JP      finalize_output.entry
 1136/ 5CA :                            
 1137/ 5CA :                            ; ============================================================
 1138/ 5CA :                            ; === AB=imm ($x2) — load immediate to R16:R17 ($05CA) ===
 1139/ 5CA :                            ; ============================================================
 1140/ 5CA :                                    ORG     05CAh
 1141/ 5CA :                            op_load_1617:
 1142/ 5CA : E5 1B 17                           LD      ACC3_LO, @PROG_CTR
 1143/ 5CD : 56 17 F0                           AND     ACC3_LO, #0F0h
 1144/ 5D0 : 20 1B                              INC     PROG_CTR
 1145/ 5D2 : E5 1B 16                           LD      ACC3_HI, @PROG_CTR
 1146/ 5D5 : 8B B5                              JR      interpreter_reentry
 1147/ 5D7 :                            
 1148/ 5D7 :                            ; ============================================================
 1149/ 5D7 :                            ; === CD=imm ($x3) — load immediate to R14:R15 ($05D7) ===
 1150/ 5D7 :                            ; ============================================================
 1151/ 5D7 :                                    ORG     05D7h
 1152/ 5D7 :                            op_load_1415:
 1153/ 5D7 : E5 1B 15                           LD      ACC2_LO, @PROG_CTR
 1154/ 5DA : 56 15 F0                           AND     ACC2_LO, #0F0h
 1155/ 5DD : 20 1B                              INC     PROG_CTR
 1156/ 5DF : E5 1B 14                           LD      ACC2_HI, @PROG_CTR
 1157/ 5E2 : 8B A8                              JR      interpreter_reentry
 1158/ 5E4 :                            
 1159/ 5E4 :                            ; ============================================================
 1160/ 5E4 :                            ; === ENV=AB ($44) — copy R16:R17 → R8:R9 ($05E4) ===
 1161/ 5E4 :                            ; ============================================================
 1162/ 5E4 :                                    ORG     05E4h
 1163/ 5E4 :                            op_copy_1617_to_r8r9:
 1164/ 5E4 : 98 17                              LD      ACC_LO, ACC3_LO
 1165/ 5E6 : 88 16                              LD      ACC_HI, ACC3_HI
 1166/ 5E8 : 8D 0C CA                           JP      finalize_output.entry
 1167/ 5EB :                            
 1168/ 5EB :                            ; ============================================================
 1169/ 5EB :                            ; === ENV=CD ($48) — copy R14:R15 → R8:R9 ($05EB) ===
 1170/ 5EB :                            ; ============================================================
 1171/ 5EB :                                    ORG     05EBh
 1172/ 5EB :                            op_copy_1415_to_r8r9:
 1173/ 5EB : 98 15                              LD      ACC_LO, ACC2_LO
 1174/ 5ED : 88 14                              LD      ACC_HI, ACC2_HI
 1175/ 5EF : 8D 0C CA                           JP      finalize_output.entry
 1176/ 5F2 :                            
 1177/ 5F2 :                            ; ============================================================
 1178/ 5F2 :                            ; === AB=ENV ($54) — copy R8:R9 → R16:R17 ($05F2) ===
 1179/ 5F2 :                            ; ============================================================
 1180/ 5F2 :                                    ORG     05F2h
 1181/ 5F2 :                            op_store_r8r9_to_1617:
 1182/ 5F2 : 99 17                              LD      ACC3_LO, ACC_LO
 1183/ 5F4 : 89 16                              LD      ACC3_HI, ACC_HI
 1184/ 5F6 : 8B 94                              JR      interpreter_reentry
 1185/ 5F8 :                            
 1186/ 5F8 :                            ; ============================================================
 1187/ 5F8 :                            ; === AB=CD ($4C) — copy R14:R15 → R16:R17 ($05F8) ===
 1188/ 5F8 :                            ; ============================================================
 1189/ 5F8 :                                    ORG     05F8h
 1190/ 5F8 :                            op_copy_1415_to_1617:
 1191/ 5F8 : E4 15 17                           LD      ACC3_LO, ACC2_LO
 1192/ 5FB : E4 14 16                           LD      ACC3_HI, ACC2_HI
 1193/ 5FE : 8B 8C                              JR      interpreter_reentry
 1194/ 600 :                            
 1195/ 600 :                            ; ============================================================
 1196/ 600 :                            ; === CD=ENV ($58) — copy R8:R9 → R14:R15 ($0600) ===
 1197/ 600 :                            ; ============================================================
 1198/ 600 :                                    ORG     0600h
 1199/ 600 :                            op_store_r8r9_to_1415:
 1200/ 600 : 99 15                              LD      ACC2_LO, ACC_LO
 1201/ 602 : 89 14                              LD      ACC2_HI, ACC_HI
 1202/ 604 : 8B 86                              JR      interpreter_reentry
 1203/ 606 :                            
 1204/ 606 :                            ; ============================================================
 1205/ 606 :                            ; === CD=AB ($5C) — copy R16:R17 → R14:R15 ($0606) ===
 1206/ 606 :                            ; ============================================================
 1207/ 606 :                                    ORG     0606h
 1208/ 606 :                            op_copy_1617_to_1415:
 1209/ 606 : E4 17 15                           LD      ACC2_LO, ACC3_LO
 1210/ 609 : E4 16 14                           LD      ACC2_HI, ACC3_HI
 1211/ 60C : 8D 05 8C                           JP      interpreter_reentry
 1212/ 60F :                            
 1213/ 60F :                            ; ============================================================
 1214/ 60F :                            ; === ENV MEM ($A4) — register pair indirect op on R8:R9 ($060F) ===
 1215/ 60F :                            ; ============================================================
 1216/ 60F :                                    ORG     060Fh
 1217/ 60F :                            op_regpair_op_08:
 1218/ 60F : CC 08                              LD      R12, #08h
 1219/ 611 : 8B 06                              JR      regpair_dispatch_entry
 1220/ 613 :                            
 1221/ 613 :                            ; ============================================================
 1222/ 613 :                            ; === AB MEM ($A8) — register pair indirect op on R16:R17 ($0613) ===
 1223/ 613 :                            ; ============================================================
 1224/ 613 :                                    ORG     0613h
 1225/ 613 :                            op_regpair_op_16:
 1226/ 613 : CC 16                              LD      R12, #16h
 1227/ 615 : 8B 02                              JR      regpair_dispatch_entry
 1228/ 617 :                            
 1229/ 617 :                            ; ============================================================
 1230/ 617 :                            ; === CD MEM ($AC) — register pair indirect op on R14:R15 ($0617) ===
 1231/ 617 :                            ; ============================================================
 1232/ 617 :                                    ORG     0617h
 1233/ 617 :                            op_regpair_op_14:
 1234/ 617 : CC 14                              LD      R12, #14h
 1235/ 619 :                            regpair_dispatch_entry:                                ; 2 refs
 1236/ 619 : 20 1B                              INC     PROG_CTR
 1237/ 61B : E5 1B EA                           LD      R10, @PROG_CTR
 1238/ 61E : 56 EA 3F                           AND     R10, #3Fh
 1239/ 621 : A6 EA 30                           CP      R10, #30h
 1240/ 624 : 7B 1E                              JR      C, .L_0644
 1241/ 626 : 67 1B 40                           TCM     @PROG_CTR, #40h
 1242/ 629 : 6D 05 8C                           JP      Z, interpreter_reentry
 1243/ 62C : 26 EA 30                           SUB     R10, #30h
 1244/ 62F : 67 1B 80                           TCM     @PROG_CTR, #80h
 1245/ 632 : 6B 08                              JR      Z, .L_063C
 1246/ 634 : B1 EC                              CLR     @R12
 1247/ 636 : D7 AC 01                           LD      01h(R12), R10
 1248/ 639 : 8D 06 77                           JP      .regpair_exit
 1249/ 63C :                            .L_063C:                                ; called from: regpair_dispatch_entry($0632)
 1250/ 63C : F3 CA                              LD      @R12, R10
 1251/ 63E : D7 4C 01                           LD      01h(R12), ZERO
 1252/ 641 : 8D 06 77                           JP      .regpair_exit
 1253/ 644 :                            .L_0644:                                ; called from: regpair_dispatch_entry($0624)
 1254/ 644 : 06 EA 1D                           ADD     R10, #1Dh
 1255/ 647 : 67 1B 40                           TCM     @PROG_CTR, #40h
 1256/ 64A : 6B 18                              JR      Z, .L_0664
 1257/ 64C : E3 DA                              LD      R13, @R10
 1258/ 64E : F3 CD                              LD      @R12, R13
 1259/ 650 : 67 1B 80                           TCM     @PROG_CTR, #80h
 1260/ 653 : 6B 09                              JR      Z, .L_065E
 1261/ 655 : C7 DA 01                           LD      R13, 01h(R10)
 1262/ 658 : D7 DC 01                           LD      01h(R12), R13
 1263/ 65B : 8D 06 77                           JP      .regpair_exit
 1264/ 65E :                            .L_065E:                                ; called from: .L_0644($0653)
 1265/ 65E : D7 4C 01                           LD      01h(R12), ZERO
 1266/ 661 : 8D 06 77                           JP      .regpair_exit
 1267/ 664 :                            .L_0664:                                ; called from: .L_0644($064A)
 1268/ 664 : E3 DC                              LD      R13, @R12
 1269/ 666 : F3 AD                              LD      @R10, R13
 1270/ 668 : 67 1B 80                           TCM     @PROG_CTR, #80h
 1271/ 66B : 6D 06 77                           JP      Z, .regpair_exit
 1272/ 66E : C7 DC 01                           LD      R13, 01h(R12)
 1273/ 671 : D7 DA 01                           LD      01h(R10), R13
 1274/ 674 : 8D 06 77                           JP      .regpair_exit
 1275/ 677 :                            .regpair_exit:                                ; 6 refs
 1276/ 677 : A6 EC 10                           CP      R12, #10h
 1277/ 67A : 7D 0C CA                           JP      C, finalize_output.entry
 1278/ 67D : 8D 05 8C                           JP      interpreter_reentry
 1279/ 680 :                            
 1280/ 680 :                            ; ============================================================
 1281/ 680 :                            ; === ENV+=imm ($x5) — add immediate to R8:R9 ($0680) ===
 1282/ 680 :                            ; ============================================================
 1283/ 680 :                                    ORG     0680h
 1284/ 680 :                            op_add_imm_to_r8r9:
 1285/ 680 : E5 1B EA                           LD      R10, @PROG_CTR
 1286/ 683 : 56 EA F0                           AND     R10, #0F0h
 1287/ 686 : 02 9A                              ADD     ACC_LO, R10
 1288/ 688 : 20 1B                              INC     PROG_CTR
 1289/ 68A : 15 1B E8                           ADC     ACC_HI, @PROG_CTR
 1290/ 68D : 8D 0C CA                           JP      finalize_output.entry
 1291/ 690 :                            
 1292/ 690 :                            ; ============================================================
 1293/ 690 :                            ; === AB+=imm ($x6) — add immediate to R16:R17 ($0690) ===
 1294/ 690 :                            ; ============================================================
 1295/ 690 :                                    ORG     0690h
 1296/ 690 :                            op_add_imm_to_1617:
 1297/ 690 : E5 1B EA                           LD      R10, @PROG_CTR
 1298/ 693 : 56 EA F0                           AND     R10, #0F0h
 1299/ 696 : 04 EA 17                           ADD     ACC3_LO, R10
 1300/ 699 : 20 1B                              INC     PROG_CTR
 1301/ 69B : 15 1B 16                           ADC     ACC3_HI, @PROG_CTR
 1302/ 69E : 8D 05 8C                           JP      interpreter_reentry
 1303/ 6A1 :                            
 1304/ 6A1 :                            ; ============================================================
 1305/ 6A1 :                            ; === CD+=imm ($x7) — add immediate to R14:R15 ($06A1) ===
 1306/ 6A1 :                            ; ============================================================
 1307/ 6A1 :                                    ORG     06A1h
 1308/ 6A1 :                            op_add_imm_to_1415:
 1309/ 6A1 : E5 1B EA                           LD      R10, @PROG_CTR
 1310/ 6A4 : 56 EA F0                           AND     R10, #0F0h
 1311/ 6A7 : 04 EA 15                           ADD     ACC2_LO, R10
 1312/ 6AA : 20 1B                              INC     PROG_CTR
 1313/ 6AC : 15 1B 14                           ADC     ACC2_HI, @PROG_CTR
 1314/ 6AF : 8D 05 8C                           JP      interpreter_reentry
 1315/ 6B2 :                            
 1316/ 6B2 :                            ; ============================================================
 1317/ 6B2 :                            ; === ENV+=AB ($64) — add R16:R17 to R8:R9 ($06B2) ===
 1318/ 6B2 :                            ; ============================================================
 1319/ 6B2 :                                    ORG     06B2h
 1320/ 6B2 :                            op_add_1617_to_r8r9:
 1321/ 6B2 : 04 17 E9                           ADD     ACC_LO, ACC3_LO
 1322/ 6B5 : 14 16 E8                           ADC     ACC_HI, ACC3_HI
 1323/ 6B8 : 8D 0C CA                           JP      finalize_output.entry
 1324/ 6BB :                            
 1325/ 6BB :                            ; ============================================================
 1326/ 6BB :                            ; === ENV+=CD sat ($68) — add R14:R15 to R8:R9, saturate at $FFFF ($06BB) ===
 1327/ 6BB :                            ; ============================================================
 1328/ 6BB :                                    ORG     06BBh
 1329/ 6BB :                            op_add_1415_to_r8r9_sat:
 1330/ 6BB : 04 15 E9                           ADD     ACC_LO, ACC2_LO
 1331/ 6BE : 14 14 E8                           ADC     ACC_HI, ACC2_HI
 1332/ 6C1 : FD 0C CA                           JP      NC, finalize_output.entry
 1333/ 6C4 : 9C FF                              LD      ACC_LO, #0FFh
 1334/ 6C6 : 8C FF                              LD      ACC_HI, #0FFh
 1335/ 6C8 : 8D 0C CA                           JP      finalize_output.entry
 1336/ 6CB :                            
 1337/ 6CB :                            ; ============================================================
 1338/ 6CB :                            ; === AB+=ENV ($74) — add R8:R9 to R16:R17 ($06CB) ===
 1339/ 6CB :                            ; ============================================================
 1340/ 6CB :                                    ORG     06CBh
 1341/ 6CB :                            op_add_r8r9_to_1617:
 1342/ 6CB : 04 E9 17                           ADD     ACC3_LO, ACC_LO
 1343/ 6CE : 14 E8 16                           ADC     ACC3_HI, ACC_HI
 1344/ 6D1 : 8D 05 8C                           JP      interpreter_reentry
 1345/ 6D4 :                            
 1346/ 6D4 :                            ; ============================================================
 1347/ 6D4 :                            ; === AB+=CD ($6C) — add R14:R15 to R16:R17 ($06D4) ===
 1348/ 6D4 :                            ; ============================================================
 1349/ 6D4 :                                    ORG     06D4h
 1350/ 6D4 :                            op_add_1415_to_1617:
 1351/ 6D4 : 04 15 17                           ADD     ACC3_LO, ACC2_LO
 1352/ 6D7 : 14 14 16                           ADC     ACC3_HI, ACC2_HI
 1353/ 6DA : 8D 05 8C                           JP      interpreter_reentry
 1354/ 6DD :                            
 1355/ 6DD :                            ; ============================================================
 1356/ 6DD :                            ; === CD+=ENV ($78) — add R8:R9 to R14:R15 ($06DD) ===
 1357/ 6DD :                            ; ============================================================
 1358/ 6DD :                                    ORG     06DDh
 1359/ 6DD :                            op_add_r8r9_to_1415:
 1360/ 6DD : 04 E9 15                           ADD     ACC2_LO, ACC_LO
 1361/ 6E0 : 14 E8 14                           ADC     ACC2_HI, ACC_HI
 1362/ 6E3 : 8D 05 8C                           JP      interpreter_reentry
 1363/ 6E6 :                            
 1364/ 6E6 :                            ; ============================================================
 1365/ 6E6 :                            ; === CD+=AB ($7C) — add R16:R17 to R14:R15 ($06E6) ===
 1366/ 6E6 :                            ; ============================================================
 1367/ 6E6 :                                    ORG     06E6h
 1368/ 6E6 :                            op_add_1617_to_1415:
 1369/ 6E6 : 04 17 15                           ADD     ACC2_LO, ACC3_LO
 1370/ 6E9 : 14 16 14                           ADC     ACC2_HI, ACC3_HI
 1371/ 6EC : 8D 05 8C                           JP      interpreter_reentry
 1372/ 6EF :                            
 1373/ 6EF :                            ; ============================================================
 1374/ 6EF :                            ; === ENV-=AB ($84) — subtract R16:R17 from R8:R9 ($06EF) ===
 1375/ 6EF :                            ; ============================================================
 1376/ 6EF :                                    ORG     06EFh
 1377/ 6EF :                            op_sub_1617_from_r8r9:
 1378/ 6EF : 24 17 E9                           SUB     ACC_LO, ACC3_LO
 1379/ 6F2 : 34 16 E8                           SBC     ACC_HI, ACC3_HI
 1380/ 6F5 : 8D 0C CA                           JP      finalize_output.entry
 1381/ 6F8 :                            
 1382/ 6F8 :                            ; ============================================================
 1383/ 6F8 :                            ; === ENV-=CD ($88) — subtract R14:R15 from R8:R9, floor at 0 ($06F8) ===
 1384/ 6F8 :                            ; ============================================================
 1385/ 6F8 :                                    ORG     06F8h
 1386/ 6F8 :                            op_sub_1415_from_r8r9:
 1387/ 6F8 : 24 15 E9                           SUB     ACC_LO, ACC2_LO
 1388/ 6FB : 34 14 E8                           SBC     ACC_HI, ACC2_HI
 1389/ 6FE : FD 0C CA                           JP      NC, finalize_output.entry
 1390/ 701 : B0 E9                              CLR     ACC_LO
 1391/ 703 : B0 E8                              CLR     ACC_HI
 1392/ 705 : 8D 0C CA                           JP      finalize_output.entry
 1393/ 708 :                            
 1394/ 708 :                            ; ============================================================
 1395/ 708 :                            ; === AB-=ENV ($94) — subtract R8:R9 from R16:R17 ($0708) ===
 1396/ 708 :                            ; ============================================================
 1397/ 708 :                                    ORG     0708h
 1398/ 708 :                            op_sub_r8r9_from_1617:
 1399/ 708 : 24 E9 17                           SUB     ACC3_LO, ACC_LO
 1400/ 70B : 34 E8 16                           SBC     ACC3_HI, ACC_HI
 1401/ 70E : 8D 05 8C                           JP      interpreter_reentry
 1402/ 711 :                            
 1403/ 711 :                            ; ============================================================
 1404/ 711 :                            ; === AB-=CD ($8C) — subtract R14:R15 from R16:R17 ($0711) ===
 1405/ 711 :                            ; ============================================================
 1406/ 711 :                                    ORG     0711h
 1407/ 711 :                            op_sub_1415_from_1617:
 1408/ 711 : 24 15 17                           SUB     ACC3_LO, ACC2_LO
 1409/ 714 : 34 14 16                           SBC     ACC3_HI, ACC2_HI
 1410/ 717 : 8D 05 8C                           JP      interpreter_reentry
 1411/ 71A :                            
 1412/ 71A :                            ; ============================================================
 1413/ 71A :                            ; === CD-=ENV ($98) — subtract R8:R9 from R14:R15 ($071A) ===
 1414/ 71A :                            ; ============================================================
 1415/ 71A :                                    ORG     071Ah
 1416/ 71A :                            op_sub_r8r9_from_1415:
 1417/ 71A : 24 E9 15                           SUB     ACC2_LO, ACC_LO
 1418/ 71D : 34 E8 14                           SBC     ACC2_HI, ACC_HI
 1419/ 720 : 8D 05 8C                           JP      interpreter_reentry
 1420/ 723 :                            
 1421/ 723 :                            ; ============================================================
 1422/ 723 :                            ; === CD-=AB ($9C) — subtract R16:R17 from R14:R15 ($0723) ===
 1423/ 723 :                            ; ============================================================
 1424/ 723 :                                    ORG     0723h
 1425/ 723 :                            op_sub_1617_from_1415:
 1426/ 723 : 24 17 15                           SUB     ACC2_LO, ACC3_LO
 1427/ 726 : 34 16 14                           SBC     ACC2_HI, ACC3_HI
 1428/ 729 : 8D 05 8C                           JP      interpreter_reentry
 1429/ 72C :                            
 1430/ 72C :                            ; ============================================================
 1431/ 72C :                            ; === ENV*=0.(-A) ($F0) — negate R16_HI then multiply ENV ($072C) ===
 1432/ 72C :                            ; ============================================================
 1433/ 72C :                                    ORG     072Ch
 1434/ 72C :                            op_neg16_multiply:
 1435/ 72C : C8 16                              LD      R12, ACC3_HI
 1436/ 72E : 60 EC                              COM     R12
 1437/ 730 : CE                                 INC     R12
 1438/ 731 : EB 1A                              JR      NZ, multiply_8x16_r8r9
 1439/ 733 : 8D 0C CA                           JP      finalize_output.entry
 1440/ 736 :                            
 1441/ 736 :                            ; ============================================================
 1442/ 736 :                            ; === ENV*=0.(-C) ($F4) — negate R14_HI then multiply ENV ($0736) ===
 1443/ 736 :                            ; ============================================================
 1444/ 736 :                                    ORG     0736h
 1445/ 736 :                            op_neg14_multiply:
 1446/ 736 : C8 14                              LD      R12, ACC2_HI
 1447/ 738 : 60 EC                              COM     R12
 1448/ 73A : CE                                 INC     R12
 1449/ 73B : EB 10                              JR      NZ, multiply_8x16_r8r9
 1450/ 73D : 8D 0C CA                           JP      finalize_output.entry
 1451/ 740 :                            
 1452/ 740 :                            ; ============================================================
 1453/ 740 :                            ; === ENV*=0.A ($D0) — multiply ENV by R16_HI (fractional) ($0740) ===
 1454/ 740 :                            ; ============================================================
 1455/ 740 :                                    ORG     0740h
 1456/ 740 :                            op_mul_by_16:
 1457/ 740 : C8 16                              LD      R12, ACC3_HI
 1458/ 742 : 8B 09                              JR      multiply_8x16_r8r9
 1459/ 744 :                            
 1460/ 744 :                            ; ============================================================
 1461/ 744 :                            ; === ENV*=0.C ($D4) — multiply ENV by R14_HI (fractional) ($0744) ===
 1462/ 744 :                            ; ============================================================
 1463/ 744 :                                    ORG     0744h
 1464/ 744 :                            op_mul_by_11:
 1465/ 744 : C8 11                              LD      R12, LFSR_VIB_STATE
 1466/ 746 : 8B 05                              JR      multiply_8x16_r8r9
 1467/ 748 :                            
 1468/ 748 :                            ; ============================================================
 1469/ 748 :                            ; === ENV*=0.imm ($B4) — multiply ENV by immediate (fractional) ($0748) ===
 1470/ 748 :                            ; ============================================================
 1471/ 748 :                                    ORG     0748h
 1472/ 748 :                            op_mul_by_imm:
 1473/ 748 : 20 1B                              INC     PROG_CTR
 1474/ 74A : E5 1B EC                           LD      R12, @PROG_CTR
 1475/ 74D :                            
 1476/ 74D :                            ; ============================================================
 1477/ 74D :                            ; === 8x16 multiply variants ($074D) ===
 1478/ 74D :                            ; ============================================================
 1479/ 74D :                                    ORG     074Dh
 1480/ 74D :                            multiply_8x16_r8r9:                                ; 5 refs
 1481/ 74D : DC 08                              LD      R13, #08h
 1482/ 74F : B0 EA                              CLR     R10
 1483/ 751 : B0 EB                              CLR     R11
 1484/ 753 :                            .L_0753:                                ; called from: .L_075B($075F)
 1485/ 753 : E0 EC                              RR      R12
 1486/ 755 : FB 04                              JR      NC, .L_075B
 1487/ 757 : 02 B9                              ADD     R11, ACC_LO
 1488/ 759 : 12 A8                              ADC     R10, ACC_HI
 1489/ 75B :                            .L_075B:                                ; called from: .L_0753($0755)
 1490/ 75B : C0 EA                              RRC     R10
 1491/ 75D : C0 EB                              RRC     R11
 1492/ 75F : DA F2                              DJNZ    R13, .L_0753
 1493/ 761 : 12 B4                              ADC     R11, ZERO
 1494/ 763 : 12 A4                              ADC     R10, ZERO
 1495/ 765 : 98 EB                              LD      ACC_LO, R11
 1496/ 767 : 88 EA                              LD      ACC_HI, R10
 1497/ 769 : 8D 0C CA                           JP      finalize_output.entry
 1498/ 76C :                            
 1499/ 76C :                            ; ============================================================
 1500/ 76C :                            ; === AB*=0.(-C) ($F8) — negate R14_HI, multiply into R16:R17 ($076C) ===
 1501/ 76C :                            ; ============================================================
 1502/ 76C :                                    ORG     076Ch
 1503/ 76C :                            op_neg14_mul_to_1617:
 1504/ 76C : C8 14                              LD      R12, ACC2_HI                    ; R12 = ACC2_HI (secondary accumulator high)
 1505/ 76E : 60 EC                              COM     R12                             ; negate: two's complement step 1
 1506/ 770 : CE                                 INC     R12                             ; negate: two's complement step 2 (Z=1 if original was $00)
 1507/ 771 : EB 10                              JR      NZ, multiply_to_1617            ; non-zero → multiply with negated coefficient
 1508/ 773 : 8D 05 8C                           JP      interpreter_reentry             ; PATCHED: JP GT (never true when Z=1) → fall through. ORIGINAL: JP (unconditional) → dead code
 1509/ 776 :                            .neg14_zero_fallback:
 1510/ 776 : C8 E8                              LD      R12, ACC_HI                     ; FIXME UNREACHABLE without patch: use ACC_HI as fallback coefficient when source is zero
 1511/ 778 : 8B 09                              JR      multiply_to_1617                ; → multiply with ACC_HI instead of negated ACC2_HI
 1512/ 77A :                            
 1513/ 77A :                            ; ============================================================
 1514/ 77A :                            ; === AB*=0.C ($D8) — multiply R16:R17 by R14_HI (fractional) ($077A) ===
 1515/ 77A :                            ; ============================================================
 1516/ 77A :                                    ORG     077Ah
 1517/ 77A :                            op_mul14_to_1617:
 1518/ 77A : C8 14                              LD      R12, ACC2_HI
 1519/ 77C : 8B 05                              JR      multiply_to_1617
 1520/ 77E :                            
 1521/ 77E :                            ; ============================================================
 1522/ 77E :                            ; === AB*=0.imm ($B8) — multiply R16:R17 by immediate (fractional) ($077E) ===
 1523/ 77E :                            ; ============================================================
 1524/ 77E :                                    ORG     077Eh
 1525/ 77E :                            op_mulimm_to_1617:
 1526/ 77E : 20 1B                              INC     PROG_CTR
 1527/ 780 : E5 1B EC                           LD      R12, @PROG_CTR
 1528/ 783 :                            multiply_to_1617:                                ; 3 refs
 1529/ 783 : DC 08                              LD      R13, #08h
 1530/ 785 : B0 EA                              CLR     R10
 1531/ 787 : B0 EB                              CLR     R11
 1532/ 789 :                            .L_0789:                                ; called from: .L_0793($0797)
 1533/ 789 : E0 EC                              RR      R12
 1534/ 78B : FB 06                              JR      NC, .L_0793
 1535/ 78D : 04 17 EB                           ADD     R11, ACC3_LO
 1536/ 790 : 14 16 EA                           ADC     R10, ACC3_HI
 1537/ 793 :                            .L_0793:                                ; called from: .L_0789($078B)
 1538/ 793 : C0 EA                              RRC     R10
 1539/ 795 : C0 EB                              RRC     R11
 1540/ 797 : DA F0                              DJNZ    R13, .L_0789
 1541/ 799 : 12 B4                              ADC     R11, ZERO
 1542/ 79B : 12 A4                              ADC     R10, ZERO
 1543/ 79D : B9 17                              LD      ACC3_LO, R11
 1544/ 79F : A9 16                              LD      ACC3_HI, R10
 1545/ 7A1 : 8D 05 8C                           JP      interpreter_reentry
 1546/ 7A4 :                            
 1547/ 7A4 :                            ; ============================================================
 1548/ 7A4 :                            ; === CD*=0.(-A) ($FC) — negate R16_HI, multiply into R14:R15 ($07A4) ===
 1549/ 7A4 :                            ; ============================================================
 1550/ 7A4 :                                    ORG     07A4h
 1551/ 7A4 :                            op_neg16_mul_to_1415:
 1552/ 7A4 : C8 16                              LD      R12, ACC3_HI                    ; R12 = ACC3_HI (tertiary accumulator high)
 1553/ 7A6 : 60 EC                              COM     R12                             ; negate: two's complement step 1
 1554/ 7A8 : CE                                 INC     R12                             ; negate: two's complement step 2 (Z=1 if original was $00)
 1555/ 7A9 : EB 10                              JR      NZ, multiply_to_1415            ; non-zero → multiply with negated coefficient
 1556/ 7AB : 8D 05 8C                           JP      interpreter_reentry             ; PATCHED: JP GT (never true when Z=1) → fall through. ORIGINAL: JP (unconditional) → dead code
 1557/ 7AE :                            .neg16_zero_fallback:
 1558/ 7AE : C8 E8                              LD      R12, ACC_HI                     ; FIXME UNREACHABLE without patch: use ACC_HI as fallback coefficient when source is zero
 1559/ 7B0 : 8B 09                              JR      multiply_to_1415                ; → multiply with ACC_HI instead of negated ACC3_HI
 1560/ 7B2 :                            
 1561/ 7B2 :                            ; ============================================================
 1562/ 7B2 :                            ; === CD*=0.C ($DC) — multiply R14:R15 by R14_HI (fractional) ($07B2) ===
 1563/ 7B2 :                            ; ============================================================
 1564/ 7B2 :                                    ORG     07B2h
 1565/ 7B2 :                            op_mul14_to_1415:
 1566/ 7B2 : C8 14                              LD      R12, ACC2_HI
 1567/ 7B4 : 8B 05                              JR      multiply_to_1415
 1568/ 7B6 :                            
 1569/ 7B6 :                            ; ============================================================
 1570/ 7B6 :                            ; === CD*=0.imm ($BC) — multiply R14:R15 by immediate (fractional) ($07B6) ===
 1571/ 7B6 :                            ; ============================================================
 1572/ 7B6 :                                    ORG     07B6h
 1573/ 7B6 :                            op_mulimm_to_1415:
 1574/ 7B6 : 20 1B                              INC     PROG_CTR
 1575/ 7B8 : E5 1B EC                           LD      R12, @PROG_CTR
 1576/ 7BB :                            multiply_to_1415:                                ; 3 refs
 1577/ 7BB : DC 08                              LD      R13, #08h
 1578/ 7BD : B0 EA                              CLR     R10
 1579/ 7BF : B0 EB                              CLR     R11
 1580/ 7C1 :                            .L_07C1:                                ; called from: .L_07CB($07CF)
 1581/ 7C1 : E0 EC                              RR      R12
 1582/ 7C3 : FB 06                              JR      NC, .L_07CB
 1583/ 7C5 : 04 15 EB                           ADD     R11, ACC2_LO
 1584/ 7C8 : 14 14 EA                           ADC     R10, ACC2_HI
 1585/ 7CB :                            .L_07CB:                                ; called from: .L_07C1($07C3)
 1586/ 7CB : C0 EA                              RRC     R10
 1587/ 7CD : C0 EB                              RRC     R11
 1588/ 7CF : DA F0                              DJNZ    R13, .L_07C1
 1589/ 7D1 : 12 B4                              ADC     R11, ZERO
 1590/ 7D3 : 12 A4                              ADC     R10, ZERO
 1591/ 7D5 : B9 15                              LD      ACC2_LO, R11
 1592/ 7D7 : A9 14                              LD      ACC2_HI, R10
 1593/ 7D9 : 8D 05 8C                           JP      interpreter_reentry
 1594/ 7DC :                            
 1595/ 7DC :                            ; ============================================================
 1596/ 7DC :                            ; === ENV*=1.A ($E0) — multiply ENV by 1+R16_HI ($07DC) ===
 1597/ 7DC :                            ; ============================================================
 1598/ 7DC :                                    ORG     07DCh
 1599/ 7DC :                            op_mul16_acc_r8r9:
 1600/ 7DC : C8 16                              LD      R12, ACC3_HI
 1601/ 7DE : 8B 09                              JR      multiply_acc_r8r9
 1602/ 7E0 :                            
 1603/ 7E0 :                            ; ============================================================
 1604/ 7E0 :                            ; === ENV*=1.C ($E4) — multiply ENV by 1+R14_HI ($07E0) ===
 1605/ 7E0 :                            ; ============================================================
 1606/ 7E0 :                                    ORG     07E0h
 1607/ 7E0 :                            op_mul14_acc_r8r9:
 1608/ 7E0 : C8 14                              LD      R12, ACC2_HI
 1609/ 7E2 : 8B 05                              JR      multiply_acc_r8r9
 1610/ 7E4 :                            
 1611/ 7E4 :                            ; ============================================================
 1612/ 7E4 :                            ; === ENV*=1.imm ($C4) — multiply ENV by 1+immediate ($07E4) ===
 1613/ 7E4 :                            ; ============================================================
 1614/ 7E4 :                                    ORG     07E4h
 1615/ 7E4 :                            op_mulimm_acc_r8r9:
 1616/ 7E4 : 20 1B                              INC     PROG_CTR
 1617/ 7E6 : E5 1B EC                           LD      R12, @PROG_CTR
 1618/ 7E9 :                            multiply_acc_r8r9:                                ; 3 refs
 1619/ 7E9 : DC 08                              LD      R13, #08h
 1620/ 7EB : B0 EA                              CLR     R10
 1621/ 7ED : B0 EB                              CLR     R11
 1622/ 7EF :                            .L_07EF:                                ; called from: .L_07F7($07FB)
 1623/ 7EF : E0 EC                              RR      R12
 1624/ 7F1 : FB 04                              JR      NC, .L_07F7
 1625/ 7F3 : 02 B9                              ADD     R11, ACC_LO
 1626/ 7F5 : 12 A8                              ADC     R10, ACC_HI
 1627/ 7F7 :                            .L_07F7:                                ; called from: .L_07EF($07F1)
 1628/ 7F7 : C0 EA                              RRC     R10
 1629/ 7F9 : C0 EB                              RRC     R11
 1630/ 7FB : DA F2                              DJNZ    R13, .L_07EF
 1631/ 7FD : 12 9B                              ADC     ACC_LO, R11
 1632/ 7FF : 12 8A                              ADC     ACC_HI, R10
 1633/ 801 : FD 0C CA                           JP      NC, finalize_output.entry
 1634/ 804 : 9C FF                              LD      ACC_LO, #0FFh
 1635/ 806 : 8C FF                              LD      ACC_HI, #0FFh
 1636/ 808 : 8D 0C CA                           JP      finalize_output.entry
 1637/ 80B :                            
 1638/ 80B :                            ; ============================================================
 1639/ 80B :                            ; === AB*=1.C ($E8) — multiply R16:R17 by 1+R14_HI ($080B) ===
 1640/ 80B :                            ; ============================================================
 1641/ 80B :                                    ORG     080Bh
 1642/ 80B :                            op_mul14_acc_1617:
 1643/ 80B : C8 14                              LD      R12, ACC2_HI
 1644/ 80D : 8B 05                              JR      multiply_acc_core_1617
 1645/ 80F :                            
 1646/ 80F :                            ; ============================================================
 1647/ 80F :                            ; === AB*=1.imm ($C8) — multiply R16:R17 by 1+immediate ($080F) ===
 1648/ 80F :                            ; ============================================================
 1649/ 80F :                                    ORG     080Fh
 1650/ 80F :                            op_mulimm_acc_1617:
 1651/ 80F : 20 1B                              INC     PROG_CTR
 1652/ 811 : E5 1B EC                           LD      R12, @PROG_CTR
 1653/ 814 :                            multiply_acc_core_1617:                                ; 1 refs
 1654/ 814 : DC 08                              LD      R13, #08h
 1655/ 816 : B0 EA                              CLR     R10
 1656/ 818 : B0 EB                              CLR     R11
 1657/ 81A :                            .L_081A:                                ; called from: .L_0824($0828)
 1658/ 81A : E0 EC                              RR      R12
 1659/ 81C : FB 06                              JR      NC, .L_0824
 1660/ 81E : 04 17 EB                           ADD     R11, ACC3_LO
 1661/ 821 : 14 16 EA                           ADC     R10, ACC3_HI
 1662/ 824 :                            .L_0824:                                ; called from: .L_081A($081C)
 1663/ 824 : C0 EA                              RRC     R10
 1664/ 826 : C0 EB                              RRC     R11
 1665/ 828 : DA F0                              DJNZ    R13, .L_081A
 1666/ 82A : 14 EB 17                           ADC     ACC3_LO, R11
 1667/ 82D : 14 EA 16                           ADC     ACC3_HI, R10
 1668/ 830 : FD 05 8C                           JP      NC, interpreter_reentry
 1669/ 833 : E6 17 FF                           LD      ACC3_LO, #0FFh
 1670/ 836 : E6 16 FF                           LD      ACC3_HI, #0FFh
 1671/ 839 : 8D 05 8C                           JP      interpreter_reentry
 1672/ 83C :                            
 1673/ 83C :                            ; ============================================================
 1674/ 83C :                            ; === CD*=1.A ($EC) — multiply R14:R15 by 1+R16_HI ($083C) ===
 1675/ 83C :                            ; ============================================================
 1676/ 83C :                                    ORG     083Ch
 1677/ 83C :                            op_mul16_acc_1415:
 1678/ 83C : C8 16                              LD      R12, ACC3_HI
 1679/ 83E : 8B 05                              JR      multiply_acc_core_1415
 1680/ 840 :                            
 1681/ 840 :                            ; ============================================================
 1682/ 840 :                            ; === CD*=1.imm ($CC) — multiply R14:R15 by 1+immediate ($0840) ===
 1683/ 840 :                            ; ============================================================
 1684/ 840 :                                    ORG     0840h
 1685/ 840 :                            op_mulimm_acc_1415:
 1686/ 840 : 20 1B                              INC     PROG_CTR
 1687/ 842 : E5 1B EC                           LD      R12, @PROG_CTR
 1688/ 845 :                            multiply_acc_core_1415:                                ; 1 refs
 1689/ 845 : DC 08                              LD      R13, #08h
 1690/ 847 : B0 EA                              CLR     R10
 1691/ 849 : B0 EB                              CLR     R11
 1692/ 84B :                            .L_084B:                                ; called from: .L_0855($0859)
 1693/ 84B : E0 EC                              RR      R12
 1694/ 84D : FB 06                              JR      NC, .L_0855
 1695/ 84F : 04 15 EB                           ADD     R11, ACC2_LO
 1696/ 852 : 14 14 EA                           ADC     R10, ACC2_HI
 1697/ 855 :                            .L_0855:                                ; called from: .L_084B($084D)
 1698/ 855 : C0 EA                              RRC     R10
 1699/ 857 : C0 EB                              RRC     R11
 1700/ 859 : DA F0                              DJNZ    R13, .L_084B
 1701/ 85B : 14 EB 15                           ADC     ACC2_LO, R11
 1702/ 85E : 14 EA 14                           ADC     ACC2_HI, R10
 1703/ 861 : FD 05 8C                           JP      NC, interpreter_reentry
 1704/ 864 : E6 15 FF                           LD      ACC2_LO, #0FFh
 1705/ 867 : E6 14 FF                           LD      ACC2_HI, #0FFh
 1706/ 86A : 8D 05 8C                           JP      interpreter_reentry
 1707/ 86D :                            
 1708/ 86D :                            ; ============================================================
 1709/ 86D :                            ; === AB=0.imm*(A+B) ($B0) — fractional scale of R16:R17 sum ($086D) ===
 1710/ 86D :                            ; ============================================================
 1711/ 86D :                                    ORG     086Dh
 1712/ 86D :                            op_mul_1617_by_imm:
 1713/ 86D : 20 1B                              INC     PROG_CTR
 1714/ 86F : E5 1B EC                           LD      R12, @PROG_CTR
 1715/ 872 : A8 16                              LD      R10, ACC3_HI
 1716/ 874 : B8 17                              LD      R11, ACC3_LO
 1717/ 876 : DC 08                              LD      R13, #08h
 1718/ 878 : B0 16                              CLR     ACC3_HI
 1719/ 87A : B0 17                              CLR     ACC3_LO
 1720/ 87C : CF                                 RCF
 1721/ 87D :                            .L_087D:                                ; called from: .L_088D($088D)
 1722/ 87D : 10 17                              RLC     ACC3_LO
 1723/ 87F : 10 16                              RLC     ACC3_HI
 1724/ 881 : 10 EC                              RLC     R12
 1725/ 883 : FB 08                              JR      NC, .L_088D
 1726/ 885 : 04 EB 17                           ADD     ACC3_LO, R11
 1727/ 888 : 14 EA 16                           ADC     ACC3_HI, R10
 1728/ 88B : 7B 07                              JR      C, .L_0894
 1729/ 88D :                            .L_088D:                                ; called from: .L_087D($0883)
 1730/ 88D : DA EE                              DJNZ    R13, .L_087D
 1731/ 88F : A2 C4                              CP      R12, ZERO
 1732/ 891 : 6D 0C CA                           JP      Z, finalize_output.entry
 1733/ 894 :                            .L_0894:                                ; called from: .L_087D($088B)
 1734/ 894 : E6 16 FF                           LD      ACC3_HI, #0FFh
 1735/ 897 : E6 17 FF                           LD      ACC3_LO, #0FFh
 1736/ 89A : 8D 0C CA                           JP      finalize_output.entry
 1737/ 89D :                            
 1738/ 89D :                            ; ============================================================
 1739/ 89D :                            ; === CD=0.imm*(C+D) ($C0) — fractional scale of R14:R15 sum ($089D) ===
 1740/ 89D :                            ; ============================================================
 1741/ 89D :                                    ORG     089Dh
 1742/ 89D :                            op_mul_1415_by_imm:
 1743/ 89D : 20 1B                              INC     PROG_CTR
 1744/ 89F : E5 1B EC                           LD      R12, @PROG_CTR
 1745/ 8A2 : A8 14                              LD      R10, ACC2_HI
 1746/ 8A4 : B8 15                              LD      R11, ACC2_LO
 1747/ 8A6 : DC 08                              LD      R13, #08h
 1748/ 8A8 : B0 14                              CLR     ACC2_HI
 1749/ 8AA : B0 15                              CLR     ACC2_LO
 1750/ 8AC : CF                                 RCF
 1751/ 8AD :                            .L_08AD:                                ; called from: .L_08BD($08BD)
 1752/ 8AD : 10 15                              RLC     ACC2_LO
 1753/ 8AF : 10 14                              RLC     ACC2_HI
 1754/ 8B1 : 10 EC                              RLC     R12
 1755/ 8B3 : FB 08                              JR      NC, .L_08BD
 1756/ 8B5 : 04 EB 15                           ADD     ACC2_LO, R11
 1757/ 8B8 : 14 EA 14                           ADC     ACC2_HI, R10
 1758/ 8BB : 7B 07                              JR      C, .L_08C4
 1759/ 8BD :                            .L_08BD:                                ; called from: .L_08AD($08B3)
 1760/ 8BD : DA EE                              DJNZ    R13, .L_08AD
 1761/ 8BF : A2 C4                              CP      R12, ZERO
 1762/ 8C1 : 6D 0C CA                           JP      Z, finalize_output.entry
 1763/ 8C4 :                            .L_08C4:                                ; called from: .L_08AD($08BB)
 1764/ 8C4 : E6 14 FF                           LD      ACC2_HI, #0FFh
 1765/ 8C7 : E6 15 FF                           LD      ACC2_LO, #0FFh
 1766/ 8CA : 8D 0C CA                           JP      finalize_output.entry
 1767/ 8CD :                            
 1768/ 8CD :                            ; ============================================================
 1769/ 8CD :                            ; === IF ENV>imm GOTO ($x9) — signed compare ENV vs immediate ($08CD) ===
 1770/ 8CD :                            ; ============================================================
 1771/ 8CD :                                    ORG     08CDh
 1772/ 8CD :                            cmp_s_r8r9_imm:
 1773/ 8CD : CC 08                              LD      R12, #08h
 1774/ 8CF : 8B 44                              JR      compare_signed
 1775/ 8D1 :                            
 1776/ 8D1 :                            ; ============================================================
 1777/ 8D1 :                            ; === IF ENV<imm GOTO ($xD) — unsigned compare ENV vs immediate ($08D1) ===
 1778/ 8D1 :                            ; ============================================================
 1779/ 8D1 :                                    ORG     08D1h
 1780/ 8D1 :                            cmp_u_r8r9_imm:
 1781/ 8D1 : CC 08                              LD      R12, #08h
 1782/ 8D3 : 8B 5A                              JR      compare_unsigned
 1783/ 8D5 :                            
 1784/ 8D5 :                            ; ============================================================
 1785/ 8D5 :                            ; === IF AB>imm GOTO ($xA) — signed compare AB vs immediate ($08D5) ===
 1786/ 8D5 :                            ; ============================================================
 1787/ 8D5 :                                    ORG     08D5h
 1788/ 8D5 :                            cmp_s_1617_imm:
 1789/ 8D5 : CC 16                              LD      R12, #16h
 1790/ 8D7 : 8B 3C                              JR      compare_signed
 1791/ 8D9 :                            
 1792/ 8D9 :                            ; ============================================================
 1793/ 8D9 :                            ; === IF AB<imm GOTO ($xE) — unsigned compare AB vs immediate ($08D9) ===
 1794/ 8D9 :                            ; ============================================================
 1795/ 8D9 :                                    ORG     08D9h
 1796/ 8D9 :                            cmp_u_1617_imm:
 1797/ 8D9 : CC 16                              LD      R12, #16h
 1798/ 8DB : 8B 52                              JR      compare_unsigned
 1799/ 8DD :                            
 1800/ 8DD :                            ; ============================================================
 1801/ 8DD :                            ; === IF CD>imm GOTO ($xB) — signed compare CD vs immediate ($08DD) ===
 1802/ 8DD :                            ; ============================================================
 1803/ 8DD :                                    ORG     08DDh
 1804/ 8DD :                            cmp_s_1415_imm:
 1805/ 8DD : CC 14                              LD      R12, #14h
 1806/ 8DF : 8B 34                              JR      compare_signed
 1807/ 8E1 :                            
 1808/ 8E1 :                            ; ============================================================
 1809/ 8E1 :                            ; === IF CD<imm GOTO ($xF) — unsigned compare CD vs immediate ($08E1) ===
 1810/ 8E1 :                            ; ============================================================
 1811/ 8E1 :                                    ORG     08E1h
 1812/ 8E1 :                            cmp_u_1415_imm:
 1813/ 8E1 : CC 14                              LD      R12, #14h
 1814/ 8E3 : 8B 4A                              JR      compare_unsigned
 1815/ 8E5 :                            
 1816/ 8E5 :                            ; ============================================================
 1817/ 8E5 :                            ; === IF ENV<AB GOTO ($24) — unsigned compare ENV vs AB ($08E5) ===
 1818/ 8E5 :                            ; ============================================================
 1819/ 8E5 :                                    ORG     08E5h
 1820/ 8E5 :                            cmp_u_r8r9_1617:
 1821/ 8E5 : A8 E8                              LD      R10, ACC_HI
 1822/ 8E7 : B8 E9                              LD      R11, ACC_LO
 1823/ 8E9 : CC 16                              LD      R12, #16h
 1824/ 8EB : 8B 4D                              JR      compare_common
 1825/ 8ED :                            
 1826/ 8ED :                            ; ============================================================
 1827/ 8ED :                            ; === IF ENV<CD GOTO ($28) — unsigned compare ENV vs CD ($08ED) ===
 1828/ 8ED :                            ; ============================================================
 1829/ 8ED :                                    ORG     08EDh
 1830/ 8ED :                            cmp_u_r8r9_1415:
 1831/ 8ED : A8 E8                              LD      R10, ACC_HI
 1832/ 8EF : B8 E9                              LD      R11, ACC_LO
 1833/ 8F1 : CC 14                              LD      R12, #14h
 1834/ 8F3 : 8B 45                              JR      compare_common
 1835/ 8F5 :                            
 1836/ 8F5 :                            ; ============================================================
 1837/ 8F5 :                            ; === IF CD<AB GOTO ($2C) — unsigned compare CD vs AB ($08F5) ===
 1838/ 8F5 :                            ; ============================================================
 1839/ 8F5 :                                    ORG     08F5h
 1840/ 8F5 :                            cmp_u_1617_1415:
 1841/ 8F5 : A8 16                              LD      R10, ACC3_HI
 1842/ 8F7 : B8 17                              LD      R11, ACC3_LO
 1843/ 8F9 : CC 14                              LD      R12, #14h
 1844/ 8FB : 8B 3D                              JR      compare_common
 1845/ 8FD :                            
 1846/ 8FD :                            ; ============================================================
 1847/ 8FD :                            ; === IF ENV>AB GOTO ($34) — unsigned compare AB vs ENV ($08FD) ===
 1848/ 8FD :                            ; ============================================================
 1849/ 8FD :                                    ORG     08FDh
 1850/ 8FD :                            cmp_u_1617_r8r9:
 1851/ 8FD : A8 16                              LD      R10, ACC3_HI
 1852/ 8FF : B8 17                              LD      R11, ACC3_LO
 1853/ 901 : CC 08                              LD      R12, #08h
 1854/ 903 : 8B 35                              JR      compare_common
 1855/ 905 :                            
 1856/ 905 :                            ; ============================================================
 1857/ 905 :                            ; === IF CD>AB GOTO ($3C) — unsigned compare AB vs CD ($0905) ===
 1858/ 905 :                            ; ============================================================
 1859/ 905 :                                    ORG     0905h
 1860/ 905 :                            cmp_u_1415_1617:
 1861/ 905 : A8 14                              LD      R10, ACC2_HI
 1862/ 907 : B8 15                              LD      R11, ACC2_LO
 1863/ 909 : CC 16                              LD      R12, #16h
 1864/ 90B : 8B 2D                              JR      compare_common
 1865/ 90D :                            
 1866/ 90D :                            ; ============================================================
 1867/ 90D :                            ; === IF ENV>CD GOTO ($38) — unsigned compare CD vs ENV ($090D) ===
 1868/ 90D :                            ; ============================================================
 1869/ 90D :                                    ORG     090Dh
 1870/ 90D :                            cmp_u_1415_r8r9:
 1871/ 90D : A8 14                              LD      R10, ACC2_HI
 1872/ 90F : B8 15                              LD      R11, ACC2_LO
 1873/ 911 : CC 08                              LD      R12, #08h
 1874/ 913 : 8B 25                              JR      compare_common
 1875/ 915 :                            compare_signed:                                ; 3 refs
 1876/ 915 : E5 1B EB                           LD      R11, @PROG_CTR
 1877/ 918 : 56 EB F0                           AND     R11, #0F0h
 1878/ 91B : 20 1B                              INC     PROG_CTR
 1879/ 91D : E5 1B EA                           LD      R10, @PROG_CTR
 1880/ 920 : A3 AC                              CP      R10, @R12
 1881/ 922 : 7B 3A                              JR      C, branch_less
 1882/ 924 : EB 21                              JR      NZ, branch_greater
 1883/ 926 : CE                                 INC     R12
 1884/ 927 : A3 BC                              CP      R11, @R12
 1885/ 929 : 7B 33                              JR      C, branch_less
 1886/ 92B : 6B 27                              JR      Z, branch_equal
 1887/ 92D : 8B 18                              JR      branch_greater
 1888/ 92F :                            compare_unsigned:                                ; 3 refs
 1889/ 92F : E5 1B EB                           LD      R11, @PROG_CTR
 1890/ 932 : 56 EB F0                           AND     R11, #0F0h
 1891/ 935 : 20 1B                              INC     PROG_CTR
 1892/ 937 : E5 1B EA                           LD      R10, @PROG_CTR
 1893/ 93A :                            compare_common:                                ; 6 refs
 1894/ 93A : A3 AC                              CP      R10, @R12
 1895/ 93C : BB 20                              JR      UGT, branch_less
 1896/ 93E : EB 07                              JR      NZ, branch_greater
 1897/ 940 : CE                                 INC     R12
 1898/ 941 : A3 BC                              CP      R11, @R12
 1899/ 943 : BB 19                              JR      UGT, branch_less
 1900/ 945 : 6B 0D                              JR      Z, branch_equal
 1901/ 947 :                            branch_greater:                                ; 3 refs
 1902/ 947 : 20 1B                              INC     PROG_CTR
 1903/ 949 : 67 1B C0                           TCM     @PROG_CTR, #0C0h
 1904/ 94C : 5D 05 8C                           JP      MI, interpreter_reentry
 1905/ 94F : EB 2A                              JR      NZ, op_computed_jump
 1906/ 951 : 8D 05 8C                           JP      interpreter_reentry
 1907/ 954 :                            branch_equal:                                ; 2 refs
 1908/ 954 : 20 1B                              INC     PROG_CTR
 1909/ 956 : 67 1B 80                           TCM     @PROG_CTR, #80h
 1910/ 959 : EB 20                              JR      NZ, op_computed_jump
 1911/ 95B : 8D 05 8C                           JP      interpreter_reentry
 1912/ 95E :                            branch_less:                                ; 4 refs
 1913/ 95E : 20 1B                              INC     PROG_CTR
 1914/ 960 : 77 1B C0                           TM      @PROG_CTR, #0C0h
 1915/ 963 : EB 16                              JR      NZ, op_computed_jump
 1916/ 965 : 8D 05 8C                           JP      interpreter_reentry
 1917/ 968 :                            
 1918/ 968 :                            ; ============================================================
 1919/ 968 :                            ; === GOTO ($70) — unconditional branch dispatch ($0968) ===
 1920/ 968 :                            ; ============================================================
 1921/ 968 :                                    ORG     0968h
 1922/ 968 :                            branch_dispatch:                                ; 3 refs
 1923/ 968 : 20 1B                              INC     PROG_CTR
 1924/ 96A : 67 1B 80                           TCM     @PROG_CTR, #80h
 1925/ 96D : EB 0C                              JR      NZ, op_computed_jump
 1926/ 96F : E5 1B EA                           LD      R10, @PROG_CTR
 1927/ 972 : B4 10 EA                           XOR     R10, MODE
 1928/ 975 : 66 EA 40                           TCM     R10, #40h
 1929/ 978 : 6D 05 8C                           JP      Z, interpreter_reentry
 1930/ 97B :                            
 1931/ 97B :                            ; ============================================================
 1932/ 97B :                            ; === Computed micro-program jump (GOTO with computed target) ($097B) ===
 1933/ 97B :                            ; ============================================================
 1934/ 97B :                                    ORG     097Bh
 1935/ 97B :                            op_computed_jump:                                ; 4 refs
 1936/ 97B : E5 1B EA                           LD      R10, @PROG_CTR
 1937/ 97E : 56 EA 3F                           AND     R10, #3Fh
 1938/ 981 : A6 EA 30                           CP      R10, #30h
 1939/ 984 : FB 09                              JR      NC, .L_098F
 1940/ 986 : E6 1B 1D                           LD      PROG_CTR, #1Dh
 1941/ 989 : 04 EA 1B                           ADD     PROG_CTR, R10
 1942/ 98C : 8D 05 8E                           JP      micro_program_interpreter
 1943/ 98F :                            .L_098F:                                ; called from: op_computed_jump($0984)
 1944/ 98F : A6 EA 38                           CP      R10, #38h
 1945/ 992 : FB 07                              JR      NC, .L_099B
 1946/ 994 : 26 EA 2F                           SUB     R10, #2Fh
 1947/ 997 : B8 16                              LD      R11, ACC3_HI
 1948/ 999 : 8B 05                              JR      .L_09A0
 1949/ 99B :                            .L_099B:                                ; called from: .L_098F($0992)
 1950/ 99B : 26 EA 37                           SUB     R10, #37h
 1951/ 99E : B8 14                              LD      R11, ACC2_HI
 1952/ 9A0 :                            .L_09A0:                                ; called from: .L_098F($0999)
 1953/ 9A0 : B0 EC                              CLR     R12
 1954/ 9A2 : E0 EA                              RR      R10
 1955/ 9A4 : FD 09 A9                           JP      NC, .L_09A9
 1956/ 9A7 : 02 CB                              ADD     R12, R11
 1957/ 9A9 :                            .L_09A9:                                ; called from: .L_09A0($09A4)
 1958/ 9A9 : 90 EB                              RL      R11
 1959/ 9AB : E0 EA                              RR      R10
 1960/ 9AD : FD 09 B2                           JP      NC, .L_09B2
 1961/ 9B0 : 02 CB                              ADD     R12, R11
 1962/ 9B2 :                            .L_09B2:                                ; called from: .L_09A9($09AD)
 1963/ 9B2 : 90 EB                              RL      R11
 1964/ 9B4 : E0 EA                              RR      R10
 1965/ 9B6 : FB 02                              JR      NC, .L_09BA
 1966/ 9B8 : 02 CB                              ADD     R12, R11
 1967/ 9BA :                            .L_09BA:                                ; called from: .L_09B2($09B6)
 1968/ 9BA : E0 EA                              RR      R10
 1969/ 9BC : FB 04                              JR      NC, .L_09C2
 1970/ 9BE : 90 EB                              RL      R11
 1971/ 9C0 : 02 CB                              ADD     R12, R11
 1972/ 9C2 :                            .L_09C2:                                ; called from: .L_09BA($09BC)
 1973/ 9C2 : 04 EC 1B                           ADD     PROG_CTR, R12
 1974/ 9C5 : 8D 05 8C                           JP      interpreter_reentry
 1975/ 9C8 :                            
 1976/ 9C8 :                            ; ============================================================
 1977/ 9C8 :                            ; === LOOP0 N=imm ($04) — primary loop, counter in LOOP1_CTR ($09C8) ===
 1978/ 9C8 :                            ; ============================================================
 1979/ 9C8 :                                    ORG     09C8h
 1980/ 9C8 :                            op_loop_primary:
 1981/ 9C8 : 20 1B                              INC     PROG_CTR
 1982/ 9CA : A4 E4 18                           CP      LOOP1_CTR, ZERO
 1983/ 9CD : EB 0E                              JR      NZ, loop_counter_check
 1984/ 9CF : E5 1B 18                           LD      LOOP1_CTR, @PROG_CTR
 1985/ 9D2 : A4 E4 18                           CP      LOOP1_CTR, ZERO
 1986/ 9D5 :                            loop_branch_target:                                ; 7 refs
 1987/ 9D5 : EB 91                              JR      NZ, branch_dispatch
 1988/ 9D7 : 06 1B 02                           ADD     PROG_CTR, #02h
 1989/ 9DA : 8D 05 8E                           JP      micro_program_interpreter
 1990/ 9DD :                            loop_counter_check:                                ; 3 refs
 1991/ 9DD : 5B 89                              JR      MI, branch_dispatch
 1992/ 9DF : 00 18                              DEC     LOOP1_CTR
 1993/ 9E1 : 8B F2                              JR      loop_branch_target
 1994/ 9E3 :                            
 1995/ 9E3 :                            ; ============================================================
 1996/ 9E3 :                            ; === LOOP1 N=imm ($14) — secondary loop, counter in LOOP2_CTR ($09E3) ===
 1997/ 9E3 :                            ; ============================================================
 1998/ 9E3 :                                    ORG     09E3h
 1999/ 9E3 :                            op_loop_secondary:
 2000/ 9E3 : 20 1B                              INC     PROG_CTR
 2001/ 9E5 : A4 E4 19                           CP      LOOP2_CTR, ZERO
 2002/ 9E8 : EB 08                              JR      NZ, loop_reload_check
 2003/ 9EA : E5 1B 19                           LD      LOOP2_CTR, @PROG_CTR
 2004/ 9ED : A4 E4 19                           CP      LOOP2_CTR, ZERO
 2005/ 9F0 : 8B E3                              JR      loop_branch_target
 2006/ 9F2 :                            loop_reload_check:                                ; 3 refs
 2007/ 9F2 : 5D 09 68                           JP      MI, branch_dispatch
 2008/ 9F5 : 00 19                              DEC     LOOP2_CTR
 2009/ 9F7 : 8B DC                              JR      loop_branch_target
 2010/ 9F9 :                            
 2011/ 9F9 :                            ; ============================================================
 2012/ 9F9 :                            ; === LOOP0 N=A ($08) — primary loop, count from R16_HI ($09F9) ===
 2013/ 9F9 :                            ; ============================================================
 2014/ 9F9 :                                    ORG     09F9h
 2015/ 9F9 :                            op_loop_reload_18_from_16:
 2016/ 9F9 : A4 E4 18                           CP      LOOP1_CTR, ZERO
 2017/ 9FC : EB DF                              JR      NZ, loop_counter_check
 2018/ 9FE : E4 16 18                           LD      LOOP1_CTR, ACC3_HI
 2019/ A01 : A4 E4 18                           CP      LOOP1_CTR, ZERO
 2020/ A04 : 8B CF                              JR      loop_branch_target
 2021/ A06 :                            
 2022/ A06 :                            ; ============================================================
 2023/ A06 :                            ; === LOOP1 N=A ($18) — secondary loop, count from R16_HI ($0A06) ===
 2024/ A06 :                            ; ============================================================
 2025/ A06 :                                    ORG     0A06h
 2026/ A06 :                            op_loop_reload_19_from_16:
 2027/ A06 : A4 E4 19                           CP      LOOP2_CTR, ZERO
 2028/ A09 : EB E7                              JR      NZ, loop_reload_check
 2029/ A0B : E4 16 19                           LD      LOOP2_CTR, ACC3_HI
 2030/ A0E : A4 E4 19                           CP      LOOP2_CTR, ZERO
 2031/ A11 : 8B C2                              JR      loop_branch_target
 2032/ A13 :                            
 2033/ A13 :                            ; ============================================================
 2034/ A13 :                            ; === LOOP0 N=C ($0C) — primary loop, count from R14_HI ($0A13) ===
 2035/ A13 :                            ; ============================================================
 2036/ A13 :                                    ORG     0A13h
 2037/ A13 :                            op_loop_reload_18_from_14:
 2038/ A13 : A4 E4 18                           CP      LOOP1_CTR, ZERO
 2039/ A16 : EB C5                              JR      NZ, loop_counter_check
 2040/ A18 : E4 14 18                           LD      LOOP1_CTR, ACC2_HI
 2041/ A1B : A4 E4 18                           CP      LOOP1_CTR, ZERO
 2042/ A1E : 8B B5                              JR      loop_branch_target
 2043/ A20 :                            
 2044/ A20 :                            ; ============================================================
 2045/ A20 :                            ; === LOOP1 N=C ($1C) — secondary loop, count from R14_HI ($0A20) ===
 2046/ A20 :                            ; ============================================================
 2047/ A20 :                                    ORG     0A20h
 2048/ A20 :                            op_loop_reload_19_from_14:
 2049/ A20 : A4 E4 19                           CP      LOOP2_CTR, ZERO
 2050/ A23 : EB CD                              JR      NZ, loop_reload_check
 2051/ A25 : E4 14 19                           LD      LOOP2_CTR, ACC2_HI
 2052/ A28 : A4 E4 19                           CP      LOOP2_CTR, ZERO
 2053/ A2B : 8B A8                              JR      loop_branch_target
 2054/ A2D :                            
 2055/ A2D :                            ; ============================================================
 2056/ A2D :                            ; === WAIT ($00) — conditional counter / timed delay ($0A2D) ===
 2057/ A2D :                            ; ============================================================
 2058/ A2D :                                    ORG     0A2Dh
 2059/ A2D :                            op_conditional_counter:
 2060/ A2D : 20 1B                              INC     PROG_CTR
 2061/ A2F : A7 1B 00                           CP      @PROG_CTR, #00h
 2062/ A32 : 6D 05 8C                           JP      Z, interpreter_reentry
 2063/ A35 : 5B 14                              JR      MI, .loop_special_check_ff
 2064/ A37 : A4 E4 1C                           CP      BLOCK_CTR, ZERO
 2065/ A3A : EB 08                              JR      NZ, .loop_special_dec_1c
 2066/ A3C : E5 1B 1C                           LD      BLOCK_CTR, @PROG_CTR
 2067/ A3F :                            .loop_special:                                ; 2 refs
 2068/ A3F : 00 1B                              DEC     PROG_CTR
 2069/ A41 : 8D 0C CC                           JP      finalize_output.multiply
 2070/ A44 :                            .loop_special_dec_1c:                                ; 1 refs
 2071/ A44 : 00 1C                              DEC     BLOCK_CTR
 2072/ A46 : EB F7                              JR      NZ, .loop_special
 2073/ A48 : 8D 05 8C                           JP      interpreter_reentry
 2074/ A4B :                            .loop_special_check_ff:                                ; 1 refs
 2075/ A4B : A7 1B FF                           CP      @PROG_CTR, #0FFh
 2076/ A4E : EB EF                              JR      NZ, .loop_special
 2077/ A50 : 46 FC 02                           OR      0FCh, #02h                      ; 0FC=FLAGS (flags register)
 2078/ A53 : 00 1B                              DEC     PROG_CTR
 2079/ A55 : 8D 02 3C                           JP      init_srp
 2080/ A58 :                            
 2081/ A58 :                            ; ============================================================
 2082/ A58 :                            ; === EXCHG AB CD ($60) — swap R14:R15 ↔ R16:R17 ($0A58) ===
 2083/ A58 :                            ; ============================================================
 2084/ A58 :                                    ORG     0A58h
 2085/ A58 :                            op_swap_1415_1617:
 2086/ A58 : A8 17                              LD      R10, ACC3_LO
 2087/ A5A : E4 15 17                           LD      ACC3_LO, ACC2_LO
 2088/ A5D : A9 15                              LD      ACC2_LO, R10
 2089/ A5F : A8 16                              LD      R10, ACC3_HI
 2090/ A61 : E4 14 16                           LD      ACC3_HI, ACC2_HI
 2091/ A64 : A9 14                              LD      ACC2_HI, R10
 2092/ A66 : 8D 05 8C                           JP      interpreter_reentry
 2093/ A69 :                            
 2094/ A69 :                            ; ============================================================
 2095/ A69 :                            ; === AB=-AB ($40) — negate R16:R17 (two's complement) ($0A69) ===
 2096/ A69 :                            ; ============================================================
 2097/ A69 :                                    ORG     0A69h
 2098/ A69 :                            op_neg_1617:
 2099/ A69 : 60 16                              COM     ACC3_HI
 2100/ A6B : 60 17                              COM     ACC3_LO
 2101/ A6D : A0 16                              INCW    ACC3_HI
 2102/ A6F : 8D 05 8C                           JP      interpreter_reentry
 2103/ A72 :                            
 2104/ A72 :                            ; ============================================================
 2105/ A72 :                            ; === CD=-CD ($50) — negate R14:R15 (two's complement) ($0A72) ===
 2106/ A72 :                            ; ============================================================
 2107/ A72 :                                    ORG     0A72h
 2108/ A72 :                            op_neg_1415:
 2109/ A72 : 60 14                              COM     ACC2_HI
 2110/ A74 : 60 15                              COM     ACC2_LO
 2111/ A76 : A0 14                              INCW    ACC2_HI
 2112/ A78 : 8D 05 8C                           JP      interpreter_reentry
 2113/ A7B :                            
 2114/ A7B :                            ; ============================================================
 2115/ A7B :                            ; === STDLINEAR ($A0) — 6-stage linear envelope, 21-byte instruction ($0A7B) ===
 2116/ A7B :                            ; ============================================================
 2117/ A7B :                                    ORG     0A7Bh
 2118/ A7B :                            op_stdlinear:
 2119/ A7B :                            ; STDLINEAR: 6-stage linear envelope with final hold value.
 2120/ A7B :                            ; Opcode $A0, 21 bytes total. Each ECLK tick, adds a step to ACC
 2121/ A7B :                            ; for the current stage's duration, then advances to the next stage.
 2122/ A7B :                            ; 
 2123/ A7B :                            ; Instruction layout (21 bytes, PROG_CTR points to byte[0] = $A0):
 2124/ A7B :                            ;   byte[0]:     $A0 opcode
 2125/ A7B :                            ;   byte[1-3]:   stage 1 {step_hi, step_lo, duration}
 2126/ A7B :                            ;   byte[4-6]:   stage 2 {step_hi, step_lo, duration}
 2127/ A7B :                            ;   byte[7-9]:   stage 3 {step_hi, step_lo, duration}
 2128/ A7B :                            ;   byte[10-12]: stage 4 {step_hi, step_lo, duration}
 2129/ A7B :                            ;   byte[13-15]: stage 5 {step_hi, step_lo, duration}
 2130/ A7B :                            ;   byte[16-18]: stage 6 {step_hi, step_lo, duration}
 2131/ A7B :                            ;   byte[19-20]: final value {acc_hi, acc_lo} (loaded when all stages complete)
 2132/ A7B :                            ; 
 2133/ A7B :                            ; Per-stage execution (each ECLK tick):
 2134/ A7B :                            ;   1. R10 = PROG_CTR + BLOCK_CTR → points to current stage's duration byte
 2135/ A7B :                            ;   2. If LOOP1_CTR > 0: DEC LOOP1_CTR, ACC += step (from bytes before duration)
 2136/ A7B :                            ;   3. If LOOP1_CTR == 0: load duration from @R10, check for stage advance
 2137/ A7B :                            ;   4. If LOOP1_CTR < 0 (bit 7 set = $80): sustain — hold forever at multiply
 2138/ A7B :                            ; 
 2139/ A7B :                            ; Stage advance: BLOCK_CTR += 3, advance to next stage. If BLOCK_CTR > $12 (18)
 2140/ A7B :                            ;   → all 6 stages done: load final ACC from bytes[19:20], clear counters,
 2141/ A7B :                            ;   advance PROG_CTR past 21 bytes, continue to next opcode.
 2142/ A7B :                            ; 
 2143/ A7B :                            ; BLOCK_CTR persists between ECLK ticks (tracks current stage).
 2144/ A7B :                            ; LOOP1_CTR persists (counts down within a stage).
 2145/ A7B :                            ; Both are cleared by update_path on each RAUD — so stages restart from 1.
 2146/ A7B : A8 1B                              LD      R10, PROG_CTR
 2147/ A7D : A4 E4 1C                           CP      BLOCK_CTR, ZERO                 ; BLOCK_CTR == 0? (first call or after RAUD reset)
 2148/ A80 : EB 03                              JR      NZ, .stage_resume               ; not first → use existing BLOCK_CTR (resume current stage)
 2149/ A82 : E6 1C 03                           LD      BLOCK_CTR, #03h                 ; first call: BLOCK_CTR = 3 (point to stage 1 duration)
 2150/ A85 :                            .stage_resume:                                ; 1 refs
 2151/ A85 : 04 1C EA                           ADD     R10, BLOCK_CTR                  ; R10 = PROG_CTR + BLOCK_CTR → current stage's duration byte
 2152/ A88 : A4 E4 18                           CP      LOOP1_CTR, ZERO                 ; LOOP1_CTR == 0? (need to load new stage?)
 2153/ A8B : EB 08                              JR      NZ, .check_sustain              ; LOOP1_CTR != 0 → check sign and continue current stage
 2154/ A8D :                            .load_duration:                                ; 1 refs
 2155/ A8D : E5 EA 18                           LD      LOOP1_CTR, @R10                 ; load duration: LOOP1_CTR = @R10 (stage's duration byte)
 2156/ A90 : A4 E4 18                           CP      LOOP1_CTR, ZERO
 2157/ A93 : 8B 05                              JR      .check_done                     ; jump to zero-check (skip the MI/DEC path)
 2158/ A95 :                            .check_sustain:                                ; 1 refs
 2159/ A95 : 5D 0C CC                           JP      MI, finalize_output.multiply    ; LOOP1_CTR < 0 (bit 7 set) → sustain: hold at multiply forever
 2160/ A98 : 00 18                              DEC     LOOP1_CTR                       ; DEC LOOP1_CTR (count down one ECLK tick)
 2161/ A9A :                            .check_done:                                ; 1 refs
 2162/ A9A : 6B 0B                              JR      Z, .advance_stage               ; LOOP1_CTR == 0 after DEC or load? → advance to next stage
 2163/ A9C : 00 EA                              DEC     R10                             ; DEC R10 → points to step_lo
 2164/ A9E : 03 9A                              ADD     ACC_LO, @R10                    ; ACC_LO += step_lo
 2165/ AA0 : 00 EA                              DEC     R10                             ; DEC R10 → points to step_hi
 2166/ AA2 : 13 8A                              ADC     ACC_HI, @R10                    ; ACC_HI += step_hi (with carry from step_lo add)
 2167/ AA4 : 8D 0C CC                           JP      finalize_output.multiply        ; → multiply with updated ACC
 2168/ AA7 :                            .advance_stage:                                ; 1 refs
 2169/ AA7 : 06 1C 03                           ADD     BLOCK_CTR, #03h                 ; advance to next stage: BLOCK_CTR += 3, R10 += 3
 2170/ AAA : 06 EA 03                           ADD     R10, #03h
 2171/ AAD : A6 1C 12                           CP      BLOCK_CTR, #12h                 ; BLOCK_CTR <= $12 (18)? → more stages remain, loop back
 2172/ AB0 : 3B DB                              JR      ULE, .load_duration
 2173/ AB2 :                            .all_stages_done:
 2174/ AB2 : A9 1B                              LD      PROG_CTR, R10                   ; all 6 stages done: PROG_CTR = R10 (advance past 21-byte instruction)
 2175/ AB4 : 00 EA                              DEC     R10                             ; load final ACC value from bytes[19:20]
 2176/ AB6 : E3 9A                              LD      ACC_LO, @R10
 2177/ AB8 : 00 EA                              DEC     R10
 2178/ ABA : E3 8A                              LD      ACC_HI, @R10
 2179/ ABC : B0 1C                              CLR     BLOCK_CTR                       ; clear BLOCK_CTR and LOOP1_CTR (envelope complete)
 2180/ ABE : B0 18                              CLR     LOOP1_CTR
 2181/ AC0 : 8D 0C CC                           JP      finalize_output.multiply        ; → multiply with final ACC value
 2182/ AC3 :                            
 2183/ AC3 :                            ; ============================================================
 2184/ AC3 :                            ; === VIBRATO1 ($80) — alternating coefficient multiply, 4-byte ($0AC3) ===
 2185/ AC3 :                            ; ============================================================
 2186/ AC3 :                                    ORG     0AC3h
 2187/ AC3 :                            op_vibrato1:
 2188/ AC3 :                            ; Vibrato 1: alternating coefficient multiply. Opcode $80, 4-byte.
 2189/ AC3 :                            ; Layout: {opcode, coeff1, coeff2, loop_count}
 2190/ AC3 :                            ; Uses BLOCK_CTR (reg[$1C]) as toggle between two coefficients.
 2191/ AC3 :                            ;   $1C==0: reload loop counter from FREQ[3], toggle $1C
 2192/ AC3 :                            ;   $1C!=0: DEC counter, multiply by coeff1 or coeff2 based on toggle
 2193/ AC3 :                            ; Alternates R8:R9 *= coeff1 and R8:R9 += coeff2 × R8:R9.
 2194/ AC3 :                            ; Creates vibrato by periodically scaling ACC between two rates.
 2195/ AC3 : 66 10 40                           TCM     MODE, #40h
 2196/ AC6 : 6D 0C CC                           JP      Z, finalize_output.multiply     ; MODE bit 6 clear → skip vibrato, go to finalize_output.multiply
 2197/ AC9 : A8 1B                              LD      R10, PROG_CTR
 2198/ ACB : A4 E4 18                           CP      LOOP1_CTR, ZERO                 ; LOOP1_CTR (reg[$18]) == 0?
 2199/ ACE : EB 0C                              JR      NZ, .L_0ADC                     ; non-zero → already running, go to coeff_step
 2200/ AD0 : 60 1C                              COM     BLOCK_CTR                       ; toggle BLOCK_CTR (alternate coefficient selection)
 2201/ AD2 : C7 BA 03                           LD      R11, 03h(R10)                   ; reload loop counter from FREQ[3]
 2202/ AD5 : B9 18                              LD      LOOP1_CTR, R11
 2203/ AD7 : A2 B4                              CP      R11, ZERO                       ; counter == 0 → no iterations, skip to finalize
 2204/ AD9 : 6D 0C CC                           JP      Z, finalize_output.multiply
 2205/ ADC :                            .L_0ADC:                                ; called from: op_vibrato1($0ACE)
 2206/ ADC : 00 1B                              DEC     PROG_CTR                        ; DEC PROG_CTR (back up to re-read opcode on next pass)
 2207/ ADE : 00 18                              DEC     LOOP1_CTR                       ; DEC LOOP1_CTR
 2208/ AE0 : A4 E4 1C                           CP      BLOCK_CTR, ZERO                 ; BLOCK_CTR toggle state? 0 = use coeff2, else = use coeff1
 2209/ AE3 : 6B 06                              JR      Z, .vib1_use_coeff2
 2210/ AE5 : C7 CA 01                           LD      R12, 01h(R10)                   ; R12 = FREQ[1] (coefficient 1)
 2211/ AE8 : 8D 07 4D                           JP      multiply_8x16_r8r9              ; → multiply_8x16_r8r9 (R8:R9 *= R12)
 2212/ AEB :                            .vib1_use_coeff2:                                ; 1 refs
 2213/ AEB : C7 CA 02                           LD      R12, 02h(R10)                   ; R12 = FREQ[2] (coefficient 2)
 2214/ AEE : 8D 07 E9                           JP      multiply_acc_r8r9               ; → multiply_acc_r8r9 (R8:R9 += R12 × R8:R9)
 2215/ AF1 :                            
 2216/ AF1 :                            ; ============================================================
 2217/ AF1 :                            ; === VIBRATO2 ($90) — sine phase modulation, 4-byte ($0AF1) ===
 2218/ AF1 :                            ; ============================================================
 2219/ AF1 :                                    ORG     0AF1h
 2220/ AF1 :                            op_vibrato2:
 2221/ AF1 :                            ; Vibrato 2: sine-wave phase modulation. Opcode $90, 4-byte.
 2222/ AF1 :                            ; Layout: {opcode, saved_R9, phase_increment, freq_param}
 2223/ AF1 :                            ; Phase accumulator in reg[$14:$15], starts at $4000 (quarter-wave).
 2224/ AF1 :                            ; Each iteration: phase += increment, sine ROM lookup at $0FC0-$0FFF,
 2225/ AF1 :                            ; multiply sine × freq_param, sign-correct by quadrant, add to R8:R9.
 2226/ AF1 :                            ; Uses reg[$16:$17] as frequency, reg[$18:$19] as phase step.
 2227/ AF1 :                            ; Creates periodic pitch modulation (vibrato/tremolo).
 2228/ AF1 : 66 10 40                           TCM     MODE, #40h
 2229/ AF4 : 6D 0C CC                           JP      Z, finalize_output.multiply     ; MODE bit 6 clear → skip vibrato
 2230/ AF7 : A8 1B                              LD      R10, PROG_CTR
 2231/ AF9 : A4 E4 1C                           CP      BLOCK_CTR, ZERO                 ; BLOCK_CTR == 0? (first call)
 2232/ AFC : EB 22                              JR      NZ, .vib2_iteration             ; non-zero → already initialized, go to iteration
 2233/ AFE : AE                                 INC     R10                             ; first call: load loop count from FREQ[1]
 2234/ AFF : E5 EA 1C                           LD      BLOCK_CTR, @R10
 2235/ B02 : A4 E4 1C                           CP      BLOCK_CTR, ZERO
 2236/ B05 : 6D 0C CC                           JP      Z, finalize_output.multiply     ; loop count == 0 → skip
 2237/ B08 :                            .vib2_save_r9:
 2238/ B08 : F3 A9                              LD      @R10, ACC_LO                    ; save R9 to FREQ[1] (overwrite loop count with ACC_LO)
 2239/ B0A : 89 11                              LD      LFSR_VIB_STATE, ACC_HI          ; save R8 to LFSR_VIB_STATE (reg[$11])
 2240/ B0C : AE                                 INC     R10
 2241/ B0D : E5 EA 19                           LD      LOOP2_CTR, @R10                 ; reg[$19] = FREQ[2] (phase increment)
 2242/ B10 : B0 18                              CLR     LOOP1_CTR
 2243/ B12 : AE                                 INC     R10                             ; reg[$17] = FREQ[3] (frequency param)
 2244/ B13 : E5 EA 17                           LD      ACC3_LO, @R10
 2245/ B16 : B0 16                              CLR     ACC3_HI                         ; phase accumulator = $4000 (quarter-wave start)
 2246/ B18 : E6 15 00                           LD      ACC2_LO, #00h
 2247/ B1B : E6 14 40                           LD      ACC2_HI, #40h
 2248/ B1E : 8B 1D                              JR      .vib2_sine_lookup
 2249/ B20 :                            .vib2_iteration:                                ; 1 refs
 2250/ B20 : A6 1C 01                           CP      BLOCK_CTR, #01h                 ; DEC loop counter
 2251/ B23 : 6B 12                              JR      Z, .vib2_last_iter
 2252/ B25 : 00 1C                              DEC     BLOCK_CTR
 2253/ B27 : 06 EA 02                           ADD     R10, #02h                       ; phase += increment
 2254/ B2A : 05 EA 19                           ADD     LOOP2_CTR, @R10
 2255/ B2D : 14 E4 18                           ADC     LOOP1_CTR, ZERO
 2256/ B30 : AE                                 INC     R10
 2257/ B31 : 05 EA 17                           ADD     ACC3_LO, @R10                   ; freq += param
 2258/ B34 : 14 E4 16                           ADC     ACC3_HI, ZERO
 2259/ B37 :                            .vib2_last_iter:                                ; 1 refs
 2260/ B37 : 04 19 15                           ADD     ACC2_LO, LOOP2_CTR              ; phase_acc += phase_step
 2261/ B3A : 14 18 14                           ADC     ACC2_HI, LOOP1_CTR
 2262/ B3D :                            .vib2_sine_lookup:                                ; 1 refs
 2263/ B3D : D8 14                              LD      R13, ACC2_HI                    ; R13 = phase high byte (quadrant selector)
 2264/ B3F : 66 14 40                           TCM     ACC2_HI, #40h                   ; test quadrant bit 6
 2265/ B42 : EB 03                              JR      NZ, .vib2_no_negate             ; quadrant 2 or 4: negate R13 (COM+INC)
 2266/ B44 : 60 ED                              COM     R13
 2267/ B46 : DE                                 INC     R13
 2268/ B47 :                            .vib2_no_negate:                                ; 1 refs
 2269/ B47 : 56 ED 7F                           AND     R13, #7Fh                       ; mask to 0-127 (half-wave index)
 2270/ B4A : 6B 42                              JR      Z, .vib2_clr_r8                 ; zero sine → skip multiply
 2271/ B4C : 06 ED BF                           ADD     R13, #0BFh                      ; index into sine ROM table at $0FC0-$0FFF
 2272/ B4F : CC 0F                              LD      R12, #0Fh                       ; R12:R13 = $0F:index → ROM lookup
 2273/ B51 : C2 DC                              LDC     R13, @RR12                      ; R13 = sine table value
 2274/ B53 : CC 08                              LD      R12, #08h                       ; 8x8 multiply: sine × reg[$16:$17]
 2275/ B55 : B0 E8                              CLR     ACC_HI
 2276/ B57 : B0 E9                              CLR     ACC_LO
 2277/ B59 :                            .L_0B59:                                ; called from: .L_0B63($0B67)
 2278/ B59 : E0 ED                              RR      R13
 2279/ B5B : FB 06                              JR      NC, .L_0B63
 2280/ B5D : 04 17 E9                           ADD     ACC_LO, ACC3_LO
 2281/ B60 : 14 16 E8                           ADC     ACC_HI, ACC3_HI
 2282/ B63 :                            .L_0B63:                                ; called from: .L_0B59($0B5B)
 2283/ B63 : C0 E8                              RRC     ACC_HI
 2284/ B65 : C0 E9                              RRC     ACC_LO
 2285/ B67 : CA F0                              DJNZ    R12, .L_0B59
 2286/ B69 : CF                                 RCF
 2287/ B6A : C0 E8                              RRC     ACC_HI
 2288/ B6C : C0 E9                              RRC     ACC_LO
 2289/ B6E : D0 E8                              SRA     ACC_HI
 2290/ B70 : C0 E9                              RRC     ACC_LO
 2291/ B72 : D0 E8                              SRA     ACC_HI
 2292/ B74 : C0 E9                              RRC     ACC_LO
 2293/ B76 : 66 14 80                           TCM     ACC2_HI, #80h                   ; quadrant 3 or 4: negate result (COM+INCW)
 2294/ B79 : EB 06                              JR      NZ, .vib2_exit
 2295/ B7B : 60 E8                              COM     ACC_HI
 2296/ B7D : 60 E9                              COM     ACC_LO
 2297/ B7F : A0 E8                              INCW    RR8
 2298/ B81 :                            .vib2_exit:                                ; 2 refs
 2299/ B81 : 20 1B                              INC     PROG_CTR                        ; add saved ACC offset: R8:R9 += saved values
 2300/ B83 : 05 1B E9                           ADD     ACC_LO, @PROG_CTR
 2301/ B86 : 14 11 E8                           ADC     ACC_HI, LFSR_VIB_STATE
 2302/ B89 : 00 1B                              DEC     PROG_CTR
 2303/ B8B : 8D 0C CC                           JP      finalize_output.multiply        ; → finalize_output.multiply
 2304/ B8E :                            .vib2_clr_r8:                                ; 1 refs
 2305/ B8E : B0 E8                              CLR     ACC_HI                          ; zero sine: CLR R8:R9, then add saved offset
 2306/ B90 : B0 E9                              CLR     ACC_LO
 2307/ B92 : 8B ED                              JR      .vib2_exit
 2308/ B94 :                            
 2309/ B94 :                            ; ============================================================
 2310/ B94 :                            ; === NOISE ($10) — 16-bit Galois LFSR pitch modulation, 4-byte ($0B94) ===
 2311/ B94 :                            ; ============================================================
 2312/ B94 :                                    ORG     0B94h
 2313/ B94 :                            op_lfsr_noise:
 2314/ B94 :                            ; op_lfsr_noise: 16-bit Galois LFSR pitch modulation
 2315/ B94 :                            ; Micro-program opcode $10, 4-byte instruction: {opcode, running_state, coefficient, counter/lfsr_low}
 2316/ B94 :                            ; Three paths based on BLOCK_CTR (reg[$1C]):
 2317/ B94 :                            ;   counter==0: reload from FREQ[3], do short LFSR, advance if zero
 2318/ B94 :                            ;   counter>0:  decrement, 8-bit LFSR step (high byte only, XOR $1D)
 2319/ B94 :                            ;   counter<0:  full 16-bit LFSR step + pitch envelope S&H from COP
 2320/ B94 :                            ; Exit: differenced noise x coefficient -> R8:R9 -> finalize_output.multiply
 2321/ B94 : A8 1B                              LD      R10, PROG_CTR
 2322/ B96 : A4 E4 1C                           CP      BLOCK_CTR, ZERO                 ; block counter == 0?
 2323/ B99 : EB 0A                              JR      NZ, .counter_nonzero            ; non-zero → check sign
 2324/ B9B : C7 BA 03                           LD      R11, 03h(R10)                   ; reload block counter from FREQ[3] (LFSR low byte / reload value)
 2325/ B9E : B9 1C                              LD      BLOCK_CTR, R11                  ; block counter = reload value
 2326/ BA0 : A4 E4 1C                           CP      BLOCK_CTR, ZERO                 ; still zero after reload?
 2327/ BA3 : 8B 04                              JR      .check_zero
 2328/ BA5 :                            .counter_nonzero:                                ; 1 refs
 2329/ BA5 : 5B 0C                              JR      MI, .full_lfsr_step             ; negative → full 16-bit LFSR step
 2330/ BA7 : 00 1C                              DEC     BLOCK_CTR                       ; positive → just decrement counter
 2331/ BA9 :                            .check_zero:                                ; 1 refs
 2332/ BA9 : EB 41                              JR      NZ, .short_lfsr                 ; non-zero → 8-bit LFSR step (short path)
 2333/ BAB : B0 1C                              CLR     BLOCK_CTR                       ; counter exhausted → clear and advance past 4-byte instruction
 2334/ BAD : 06 1B 04                           ADD     PROG_CTR, #04h                  ; advance micro-program counter by 4
 2335/ BB0 : 8D 05 8E                           JP      micro_program_interpreter       ; back to interpreter
 2336/ BB3 :                            .full_lfsr_step:                                ; 1 refs
 2337/ BB3 : 06 EA 03                           ADD     R10, #03h                       ; point to LFSR low byte (FREQ[3])
 2338/ BB6 : 11 EA                              RLC     @R10                            ; rotate low byte left (16-bit LFSR shift)
 2339/ BB8 : 10 11                              RLC     LFSR_VIB_STATE                  ; rotate high byte left (carry chain from low)
 2340/ BBA : FB 06                              JR      NC, .no_feedback                ; carry set → apply feedback polynomial
 2341/ BBC : B7 EA 87                           XOR     @R10, #87h                      ; XOR low byte with $87 (polynomial feedback)
 2342/ BBF : B6 11 1D                           XOR     LFSR_VIB_STATE, #1Dh            ; XOR high byte with $1D (polynomial = $1D87)
 2343/ BC2 :                            .no_feedback:                                ; 1 refs
 2344/ BC2 : 26 EA 03                           SUB     R10, #03h                       ; restore R10 to instruction base
 2345/ BC5 : 46 FA 02                           OR      0FAh, #02h                      ; 0FA=IRQ (interrupt request)  ; set IRQ1 pending (software flag) → forces synthesis_output on next reentry poll
 2346/ BC8 : 66 E2 04                           TCM     PORT2, #04h                     ; check bus state (RARC) for envelope read
 2347/ BCB : EB 27                              JR      NZ, .coeff_exit                 ; bus busy → skip envelope S&H
 2348/ BCD : C8 E3                              LD      R12, PORT3                      ; R12 = Port 3 (EXSLA routing bits)
 2349/ BCF : D8 E1                              LD      R13, PORT1                      ; R13 = Port 1 (pitch envelope from master COP)
 2350/ BD1 : 66 E2 04                           TCM     PORT2, #04h                     ; re-check bus (may have changed during read)
 2351/ BD4 : EB 1E                              JR      NZ, .coeff_exit                 ; bus changed → discard
 2352/ BD6 : 66 10 80                           TCM     MODE, #80h                      ; MODE bit 7: pitch envelope enable? (same test as update_path/$034C)
 2353/ BD9 : EB 19                              JR      NZ, .coeff_exit                 ; bit 7 CLEAR → no pitch tracking, skip PITCH_ENV/EXSLA update
 2354/ BDB : D9 1A                              LD      PITCH_ENV, R13                  ; reg[$1A] = pitch envelope value (modulation depth)
 2355/ BDD : F0 EC                              SWAP    R12                             ; extract EXSLA routing from Port 3
 2356/ BDF : 90 EC                              RL      R12
 2357/ BE1 : 56 EC C0                           AND     R12, #0C0h
 2358/ BE4 : 56 12 3F                           AND     PITCH_HI, #3Fh                  ; merge EXSLA bits into reg[$12] (coefficient high bits)
 2359/ BE7 : 44 EC 12                           OR      PITCH_HI, R12
 2360/ BEA : 8B 08                              JR      .coeff_exit
 2361/ BEC :                            .short_lfsr:                                ; 1 refs
 2362/ BEC : CF                                 RCF
 2363/ BED : 10 11                              RLC     LFSR_VIB_STATE
 2364/ BEF : FB 03                              JR      NC, .coeff_exit                 ; carry → XOR with $1D (8-bit feedback)
 2365/ BF1 : B6 11 1D                           XOR     LFSR_VIB_STATE, #1Dh
 2366/ BF4 :                            .coeff_exit:                                ; 5 refs
 2367/ BF4 : C7 BA 02                           LD      R11, 02h(R10)                   ; R11 = FREQ[2] (multiply coefficient)
 2368/ BF7 : CC 08                              LD      R12, #08h                       ; 8-bit multiply loop counter
 2369/ BF9 : B0 ED                              CLR     R13                             ; clear accumulator
 2370/ BFB :                            .mul_loop:                                ; 1 refs
 2371/ BFB : E0 EB                              RR      R11                             ; shift coefficient right
 2372/ BFD : FB 03                              JR      NC, .mul_skip                   ; bit clear → skip add
 2373/ BFF : 04 11 ED                           ADD     R13, LFSR_VIB_STATE             ; accumulate: R13 += LFSR high byte (reg[$11])
 2374/ C02 :                            .mul_skip:                                ; 1 refs
 2375/ C02 : C0 ED                              RRC     R13                             ; shift result right
 2376/ C04 : CA F5                              DJNZ    R12, .mul_loop                  ; loop 8 times
 2377/ C06 : 12 D4                              ADC     R13, ZERO                       ; round up (2x ADC for bias correction)
 2378/ C08 : 12 D4                              ADC     R13, ZERO
 2379/ C0A : C0 EB                              RRC     R11                             ; R11 = coefficient >> 1
 2380/ C0C : B0 EC                              CLR     R12                             ; clear R12 (sign extension)
 2381/ C0E : 22 DB                              SUB     R13, R11                        ; center: product -= coefficient/2 (zero-mean noise)
 2382/ C10 : 32 C4                              SBC     R12, ZERO
 2383/ C12 : B8 ED                              LD      R11, R13                        ; R11 = centered product (new running state)
 2384/ C14 : AE                                 INC     R10                             ; point to FREQ[1] (old running state)
 2385/ C15 : A7 EA 00                           CP      @R10, #00h                      ; sign of old running state?
 2386/ C18 : 5B 06                              JR      MI, .diff_neg                   ; negative → sign-extend subtraction
 2387/ C1A : 23 DA                              SUB     R13, @R10                       ; delta = new - old (positive old, SBC R4=0)
 2388/ C1C : 32 C4                              SBC     R12, ZERO
 2389/ C1E : 8B 05                              JR      .store_state
 2390/ C20 :                            .diff_neg:                                ; 1 refs
 2391/ C20 : 23 DA                              SUB     R13, @R10                       ; delta = new - old (negative old, SBC #$FF for sign-extend)
 2392/ C22 : 36 EC FF                           SBC     R12, #0FFh
 2393/ C25 :                            .store_state:                                ; 1 refs
 2394/ C25 : F3 AB                              LD      @R10, R11                       ; store new running state to FREQ[1]
 2395/ C27 : 10 ED                              RLC     R13                             ; scale delta left 4 times (×16)
 2396/ C29 : 10 EC                              RLC     R12
 2397/ C2B : 10 ED                              RLC     R13
 2398/ C2D : 10 EC                              RLC     R12
 2399/ C2F : 10 ED                              RLC     R13
 2400/ C31 : 10 EC                              RLC     R12
 2401/ C33 : 10 ED                              RLC     R13
 2402/ C35 : 10 EC                              RLC     R12
 2403/ C37 : 56 ED F0                           AND     R13, #0F0h                      ; mask to upper nibble
 2404/ C3A : 02 9D                              ADD     ACC_LO, R13                     ; R8:R9 += scaled delta (accumulate into ACC)
 2405/ C3C : 12 8C                              ADC     ACC_HI, R12
 2406/ C3E : 8D 0C CC                           JP      finalize_output.multiply        ; → finalize_output.multiply (12×16 multiply with coefficient)
 2407/ C41 :                            
 2408/ C41 :                            ; ============================================================
 2409/ C41 :                            ; === AB=NOISE X=imm ($20) — LFSR step + multiply → R16:R17 ($0C41) ===
 2410/ C41 :                            ; ============================================================
 2411/ C41 :                                    ORG     0C41h
 2412/ C41 :                            op_lfsr_mul_1617:
 2413/ C41 : CF                                 RCF
 2414/ C42 : 10 11                              RLC     LFSR_VIB_STATE
 2415/ C44 : FB 03                              JR      NC, .L_0C49
 2416/ C46 : B6 11 1D                           XOR     LFSR_VIB_STATE, #1Dh
 2417/ C49 :                            .L_0C49:                                ; called from: op_lfsr_mul_1617($0C44)
 2418/ C49 : 20 1B                              INC     PROG_CTR
 2419/ C4B : E5 1B EA                           LD      R10, @PROG_CTR
 2420/ C4E : B0 EB                              CLR     R11
 2421/ C50 : CC 08                              LD      R12, #08h
 2422/ C52 : B0 16                              CLR     ACC3_HI
 2423/ C54 : B0 17                              CLR     ACC3_LO
 2424/ C56 :                            .L_0C56:                                ; called from: .L_0C60($0C64)
 2425/ C56 : E0 11                              RR      LFSR_VIB_STATE
 2426/ C58 : FB 06                              JR      NC, .L_0C60
 2427/ C5A : 04 EB 17                           ADD     ACC3_LO, R11
 2428/ C5D : 14 EA 16                           ADC     ACC3_HI, R10
 2429/ C60 :                            .L_0C60:                                ; called from: .L_0C56($0C58)
 2430/ C60 : C0 16                              RRC     ACC3_HI
 2431/ C62 : C0 17                              RRC     ACC3_LO
 2432/ C64 : CA F0                              DJNZ    R12, .L_0C56
 2433/ C66 : C0 EA                              RRC     R10
 2434/ C68 : C0 EB                              RRC     R11
 2435/ C6A : 24 EB 17                           SUB     ACC3_LO, R11
 2436/ C6D : 34 EA 16                           SBC     ACC3_HI, R10
 2437/ C70 : 8D 05 8C                           JP      interpreter_reentry
 2438/ C73 :                            
 2439/ C73 :                            ; ============================================================
 2440/ C73 :                            ; === CD=NOISE X=imm ($30) — LFSR step + multiply → R14:R15 ($0C73) ===
 2441/ C73 :                            ; ============================================================
 2442/ C73 :                                    ORG     0C73h
 2443/ C73 :                            op_lfsr_mul_1415:
 2444/ C73 : CF                                 RCF
 2445/ C74 : 10 11                              RLC     LFSR_VIB_STATE
 2446/ C76 : FB 03                              JR      NC, .L_0C7B
 2447/ C78 : B6 11 1D                           XOR     LFSR_VIB_STATE, #1Dh
 2448/ C7B :                            .L_0C7B:                                ; called from: op_lfsr_mul_1415($0C76)
 2449/ C7B : 20 1B                              INC     PROG_CTR
 2450/ C7D : E5 1B EA                           LD      R10, @PROG_CTR
 2451/ C80 : B0 EB                              CLR     R11
 2452/ C82 : CC 08                              LD      R12, #08h
 2453/ C84 : B0 14                              CLR     ACC2_HI
 2454/ C86 : B0 15                              CLR     ACC2_LO
 2455/ C88 :                            .L_0C88:                                ; called from: .L_0C92($0C96)
 2456/ C88 : E0 11                              RR      LFSR_VIB_STATE
 2457/ C8A : FB 06                              JR      NC, .L_0C92
 2458/ C8C : 04 EB 15                           ADD     ACC2_LO, R11
 2459/ C8F : 14 EA 14                           ADC     ACC2_HI, R10
 2460/ C92 :                            .L_0C92:                                ; called from: .L_0C88($0C8A)
 2461/ C92 : C0 14                              RRC     ACC2_HI
 2462/ C94 : C0 15                              RRC     ACC2_LO
 2463/ C96 : CA F0                              DJNZ    R12, .L_0C88
 2464/ C98 : C0 EA                              RRC     R10
 2465/ C9A : C0 EB                              RRC     R11
 2466/ C9C : 24 EB 15                           SUB     ACC2_LO, R11
 2467/ C9F : 34 EA 14                           SBC     ACC2_HI, R10
 2468/ CA2 : 8D 05 8C                           JP      interpreter_reentry
 2469/ CA5 :                            
 2470/ CA5 :                            ; ============================================================
 2471/ CA5 :                            ; === ACC library init + 12x12 unsigned multiply + pitch envelope + pitch output ($0CA5) ===
 2472/ CA5 :                            ; ============================================================
 2473/ CA5 :                                    ORG     0CA5h
 2474/ CA5 :                            finalize_output:                                ; 1 refs
 2475/ CA5 :                            ; ACC initializer — implements mk1 FREQ library programs.
 2476/ CA5 :                            ; Called by micro_program_interpreter when PROG_CTR >= $3D.
 2477/ CA5 :                            ; 
 2478/ CA5 :                            ; How it works: micro_raw[0] (start_offset byte in FREQ block) serves as
 2479/ CA5 :                            ; both a program offset AND a library address. synthesis_loop_entry adds $1C
 2480/ CA5 :                            ; to PROG_CTR, then interpreter_reentry adds 1 more (total +$1D). When
 2481/ CA5 :                            ; start_offset >= $20, the result is >= $3D, routing here instead of executing
 2482/ CA5 :                            ; bytecodes. This implements the mk1utils ROM library (mk1envlib.c):
 2483/ CA5 :                            ; 
 2484/ CA5 :                            ;   start_offset | PROG_CTR after +$1D | ACC set to | mk1utils name
 2485/ CA5 :                            ;   $20           | $3D (Z shortcut)    | $0000*     | HALT (no envelope)
 2486/ CA5 :                            ;   $22           | $3F                 | $2D00      | ENV=$2CE4; HALT
 2487/ CA5 :                            ;   $26           | $43                 | $4000      | ENV=$4000; HALT
 2488/ CA5 :                            ;   $2A           | $47                 | $8000      | ENV=$8000; HALT
 2489/ CA5 :                            ;   $2E           | $4B                 | $FFFF      | ENV=$FFFF; HALT
 2490/ CA5 :                            ;   * $20 takes Z shortcut → ACC stays $0000 from synthesis_loop_entry CLR
 2491/ CA5 :                            ; 
 2492/ CA5 :                            ; After setting ACC: PROG_CTR reset to $3D = HALT state. All subsequent
 2493/ CA5 :                            ; interpreter calls hit the Z shortcut and go directly to multiply.
 2494/ CA5 :                            ; 
 2495/ CA5 :                            ; Entry: Z flag from 'CP PROG_CTR, #$3D' in micro_program_interpreter.
 2496/ CA5 :                            ;   Z set (PROG_CTR == $3D): HALT state → skip init, go to multiply.
 2497/ CA5 :                            ;   Z clear (PROG_CTR > $3D): library init → set ACC, reset to $3D.
 2498/ CA5 :                            ; 
 2499/ CA5 :                            ; For normal programs (start_offset=$02): PROG_CTR = $02 + $1D = $1F,
 2500/ CA5 :                            ; below $3D → interpreter fetches opcodes from reg[$1F] normally.
 2501/ CA5 :                            ; 
 2502/ CA5 :                            ; The LFSR noise handler (op_lfsr_noise) at $0C3E jumps directly to
 2503/ CA5 :                            ; finalize_output.multiply, bypassing this path. LFSR voices use real
 2504/ CA5 :                            ; programs (offset $02) with explicit LOAD opcodes to set ACC.
 2505/ CA5 : 6B 25                              JR      Z, finalize_output.multiply
 2506/ CA7 : A6 1B 43                           CP      PROG_CTR, #43h                  ; which library entry? compare PROG_CTR to thresholds
 2507/ CAA : BB 0A                              JR      UGT, .finalize_sub43_check      ; PROG_CTR > $43 → check upper range ($2A/$2E entries)
 2508/ CAC : 6B 04                              JR      Z, .L_0CB2                      ; PROG_CTR == $43: library $26 (ENV=$4000)
 2509/ CAE : 8C 2D                              LD      ACC_HI, #2Dh                    ; PROG_CTR < $43: library $22 (ENV=$2D00 ≈ $2CE4)
 2510/ CB0 : 8B 0B                              JR      .finalize_check
 2511/ CB2 :                            .L_0CB2:                                ; called from: finalize_output($0CAC)
 2512/ CB2 : 8C 40                              LD      ACC_HI, #40h                    ; library $26: ACC = $4000 (quarter range)
 2513/ CB4 : 8B 07                              JR      .finalize_check
 2514/ CB6 :                            .finalize_sub43_check:                                ; 1 refs
 2515/ CB6 : A6 1B 4B                           CP      PROG_CTR, #4Bh                  ; check if PROG_CTR >= $4B (library $2E)
 2516/ CB9 : FB 06                              JR      NC, .finalize_clamp_max         ; PROG_CTR >= $4B → library $2E (ENV=$FFFF)
 2517/ CBB : 8C 80                              LD      ACC_HI, #80h                    ; library $2A: ACC = $8000 (center — standard for noise voices)
 2518/ CBD :                            .finalize_check:                                ; 2 refs
 2519/ CBD : B0 E9                              CLR     ACC_LO                          ; clear low byte (ACC = ACC_HI:$00)
 2520/ CBF : 8B 04                              JR      .finalize_reset_counter
 2521/ CC1 :                            .finalize_clamp_max:                                ; 1 refs
 2522/ CC1 : 8C FF                              LD      ACC_HI, #0FFh                   ; library $2E: ACC = $FFFF (maximum)
 2523/ CC3 : 9C FF                              LD      ACC_LO, #0FFh
 2524/ CC5 :                            .finalize_reset_counter:                                ; 1 refs
 2525/ CC5 : E6 1B 3D                           LD      PROG_CTR, #3Dh                  ; PROG_CTR = $3D → HALT state (library program done, just multiply from now on)
 2526/ CC8 : 8B 02                              JR      finalize_output.multiply
 2527/ CCA :                            finalize_output.entry:                                ; 20 refs
 2528/ CCA : 20 1B                              INC     PROG_CTR
 2529/ CCC :                            finalize_output.multiply:                                ; 12 refs
 2530/ CCC :                            ; 12x12 unsigned fixed-point multiply.
 2531/ CCC :                            ; Formula: R10:R11 = ACC[11:0] * COEFF[11:0] / 2048
 2532/ CCC :                            ; ACC is unsigned 12-bit: {R8[7:0], R9[7:4]} (low nibble of R9 always 0).
 2533/ CCC :                            ; COEFF is 1.11 fixed-point: {PITCH_HI[3:0], PITCH_LO[7:0]}.
 2534/ CCC :                            ;   bit 11 (PITCH_HI bit 3) = integer bit (weight x1.0)
 2535/ CCC :                            ;   bits 10:0 = fractional.  Range: 0.0 to ~2.0. Unity at COEFF=$800.
 2536/ CCC :                            ; PITCH_HI[5:4] = EXSLA staging (not used by multiply).
 2537/ CCC :                            ; PITCH_HI[7:6] = EXSLA bits (used by pitch_apply AFTER multiply).
 2538/ CCC :                            ; 12 unrolled iterations: 8 from PITCH_LO + 4 from PITCH_HI[3:0].
 2539/ CCC :                            ; NOTE: no final RRC after bit 11 iteration -> bit 11 has weight 1.0.
 2540/ CCC :                            ; Carry after bit 11 = genuine overflow (result > 16 bits) -> pitch_overflow.
 2541/ CCC :                            ; With correct ACC base (~$8000), overflow should rarely fire.
 2542/ CCC : C8 12                              LD      R12, PITCH_HI
 2543/ CCE : D8 13                              LD      R13, PITCH_LO                   ; R13=PITCH_LO
 2544/ CD0 : B0 EA                              CLR     R10                             ; clear result accumulator R10:R11
 2545/ CD2 : B0 EB                              CLR     R11
 2546/ CD4 : E0 ED                              RR      R13                             ; coeff bit 0 (PITCH_LO bit 0)
 2547/ CD6 : FB 04                              JR      NC, .mul_bit1
 2548/ CD8 : 02 B9                              ADD     R11, ACC_LO
 2549/ CDA : 12 A8                              ADC     R10, ACC_HI
 2550/ CDC :                            .mul_bit1:                                ; 1 refs
 2551/ CDC : C0 EA                              RRC     R10
 2552/ CDE : C0 EB                              RRC     R11
 2553/ CE0 : E0 ED                              RR      R13                             ; coeff bit 1
 2554/ CE2 : FB 04                              JR      NC, .mul_bit2
 2555/ CE4 : 02 B9                              ADD     R11, ACC_LO
 2556/ CE6 : 12 A8                              ADC     R10, ACC_HI
 2557/ CE8 :                            .mul_bit2:                                ; 1 refs
 2558/ CE8 : C0 EA                              RRC     R10
 2559/ CEA : C0 EB                              RRC     R11
 2560/ CEC : E0 ED                              RR      R13                             ; coeff bit 2
 2561/ CEE : FB 04                              JR      NC, .mul_bit3
 2562/ CF0 : 02 B9                              ADD     R11, ACC_LO
 2563/ CF2 : 12 A8                              ADC     R10, ACC_HI
 2564/ CF4 :                            .mul_bit3:                                ; 1 refs
 2565/ CF4 : C0 EA                              RRC     R10
 2566/ CF6 : C0 EB                              RRC     R11
 2567/ CF8 : E0 ED                              RR      R13                             ; coeff bit 3
 2568/ CFA : FB 04                              JR      NC, .mul_bit4
 2569/ CFC : 02 B9                              ADD     R11, ACC_LO
 2570/ CFE : 12 A8                              ADC     R10, ACC_HI
 2571/ D00 :                            .mul_bit4:                                ; 1 refs
 2572/ D00 : C0 EA                              RRC     R10
 2573/ D02 : C0 EB                              RRC     R11
 2574/ D04 : E0 ED                              RR      R13                             ; coeff bit 4
 2575/ D06 : FB 04                              JR      NC, .mul_bit5
 2576/ D08 : 02 B9                              ADD     R11, ACC_LO
 2577/ D0A : 12 A8                              ADC     R10, ACC_HI
 2578/ D0C :                            .mul_bit5:                                ; 1 refs
 2579/ D0C : C0 EA                              RRC     R10
 2580/ D0E : C0 EB                              RRC     R11
 2581/ D10 : E0 ED                              RR      R13                             ; coeff bit 5
 2582/ D12 : FB 04                              JR      NC, .mul_bit6
 2583/ D14 : 02 B9                              ADD     R11, ACC_LO
 2584/ D16 : 12 A8                              ADC     R10, ACC_HI
 2585/ D18 :                            .mul_bit6:                                ; 1 refs
 2586/ D18 : C0 EA                              RRC     R10
 2587/ D1A : C0 EB                              RRC     R11
 2588/ D1C : E0 ED                              RR      R13                             ; coeff bit 6
 2589/ D1E : FB 04                              JR      NC, .mul_bit7
 2590/ D20 : 02 B9                              ADD     R11, ACC_LO
 2591/ D22 : 12 A8                              ADC     R10, ACC_HI
 2592/ D24 :                            .mul_bit7:                                ; 1 refs
 2593/ D24 : C0 EA                              RRC     R10
 2594/ D26 : C0 EB                              RRC     R11
 2595/ D28 : E0 ED                              RR      R13                             ; coeff bit 7 (PITCH_LO bit 7, last of low byte)
 2596/ D2A : FB 04                              JR      NC, .mul_bit8
 2597/ D2C : 02 B9                              ADD     R11, ACC_LO
 2598/ D2E : 12 A8                              ADC     R10, ACC_HI
 2599/ D30 :                            .mul_bit8:                                ; 1 refs
 2600/ D30 : C0 EA                              RRC     R10
 2601/ D32 : C0 EB                              RRC     R11
 2602/ D34 : E0 EC                              RR      R12                             ; coeff bit 8 (PITCH_HI bit 0)
 2603/ D36 : FB 04                              JR      NC, .mul_bit9
 2604/ D38 : 02 B9                              ADD     R11, ACC_LO
 2605/ D3A : 12 A8                              ADC     R10, ACC_HI
 2606/ D3C :                            .mul_bit9:                                ; 1 refs
 2607/ D3C : C0 EA                              RRC     R10
 2608/ D3E : C0 EB                              RRC     R11
 2609/ D40 : E0 EC                              RR      R12                             ; coeff bit 9
 2610/ D42 : FB 04                              JR      NC, .mul_bit10
 2611/ D44 : 02 B9                              ADD     R11, ACC_LO
 2612/ D46 : 12 A8                              ADC     R10, ACC_HI
 2613/ D48 :                            .mul_bit10:                                ; 1 refs
 2614/ D48 : C0 EA                              RRC     R10
 2615/ D4A : C0 EB                              RRC     R11
 2616/ D4C : E0 EC                              RR      R12                             ; coeff bit 10
 2617/ D4E : FB 04                              JR      NC, .mul_bit11
 2618/ D50 : 02 B9                              ADD     R11, ACC_LO
 2619/ D52 : 12 A8                              ADC     R10, ACC_HI
 2620/ D54 :                            .mul_bit11:                                ; 1 refs
 2621/ D54 : C0 EA                              RRC     R10
 2622/ D56 : C0 EB                              RRC     R11
 2623/ D58 :                            ; Coeff bit 11 = PITCH_HI bit 3 (integer bit, weight 1.0).
 2624/ D58 :                            ; Last iteration: adds ACC at FULL weight (no final RRC shift).
 2625/ D58 :                            ; With bit 11 set: result ≈ ACC × (1 + fraction). Can overflow if ACC is large.
 2626/ D58 :                            ; With bit 11 clear: result = ACC × fraction (< ACC). Never overflows.
 2627/ D58 :                            ; Carry from ADC = genuine overflow (result > 16 bits), NOT a sign test.
 2628/ D58 :                            ; With correct ACC base ($8000 ± noise), overflow should rarely fire.
 2629/ D58 : E0 EC                              RR      R12
 2630/ D5A : FB 04                              JR      NC, .mul_overflow_check         ; bit 11 clear → skip ADD, carry from previous RRC (not meaningful)
 2631/ D5C : 02 B9                              ADD     R11, ACC_LO                     ; bit 11 set → add ACC at weight 1.0 (result ≈ ACC × (1 + fraction))
 2632/ D5E : 12 A8                              ADC     R10, ACC_HI
 2633/ D60 :                            .mul_overflow_check:                                ; 1 refs
 2634/ D60 : 7D 0E CF                           JP      C, finalize.pitch_overflow      ; carry = overflow: result > 16 bits → pitch_overflow (halve + re-apply)
 2635/ D63 :                            finalize.pitch_apply:
 2636/ D63 : A4 E4 1A                           CP      PITCH_ENV, ZERO
 2637/ D66 : 6D 0F 7B                           JP      Z, finalize_output.check_underflow_ld_r12_r10; LD R12, R10 - returns to finalize_output.check_underflow
 2638/ D69 : B0 EC                              CLR     R12
 2639/ D6B : B0 ED                              CLR     R13
 2640/ D6D : E0 1A                              RR      PITCH_ENV
 2641/ D6F : FB 04                              JR      NC, .L_0D75
 2642/ D71 : 02 DB                              ADD     R13, R11
 2643/ D73 : 12 CA                              ADC     R12, R10
 2644/ D75 :                            .L_0D75:                                ; called from: finalize.pitch_apply($0D6F)
 2645/ D75 : C0 EC                              RRC     R12                             ; skip bit0 envelope direction handled at 0xDD9
 2646/ D77 : C0 ED                              RRC     R13
 2647/ D79 : E0 1A                              RR      PITCH_ENV
 2648/ D7B : FB 04                              JR      NC, .L_0D81
 2649/ D7D : 02 DB                              ADD     R13, R11
 2650/ D7F : 12 CA                              ADC     R12, R10
 2651/ D81 :                            .L_0D81:                                ; called from: .L_0D75($0D7B)
 2652/ D81 : C0 EC                              RRC     R12
 2653/ D83 : C0 ED                              RRC     R13
 2654/ D85 : E0 1A                              RR      PITCH_ENV
 2655/ D87 : FB 04                              JR      NC, .L_0D8D
 2656/ D89 : 02 DB                              ADD     R13, R11
 2657/ D8B : 12 CA                              ADC     R12, R10
 2658/ D8D :                            .L_0D8D:                                ; called from: .L_0D81($0D87)
 2659/ D8D : C0 EC                              RRC     R12
 2660/ D8F : C0 ED                              RRC     R13
 2661/ D91 : E0 1A                              RR      PITCH_ENV
 2662/ D93 : FB 04                              JR      NC, .L_0D99
 2663/ D95 : 02 DB                              ADD     R13, R11
 2664/ D97 : 12 CA                              ADC     R12, R10
 2665/ D99 :                            .L_0D99:                                ; called from: .L_0D8D($0D93)
 2666/ D99 : C0 EC                              RRC     R12
 2667/ D9B : C0 ED                              RRC     R13
 2668/ D9D : E0 1A                              RR      PITCH_ENV
 2669/ D9F : FB 04                              JR      NC, .L_0DA5
 2670/ DA1 : 02 DB                              ADD     R13, R11
 2671/ DA3 : 12 CA                              ADC     R12, R10
 2672/ DA5 :                            .L_0DA5:                                ; called from: .L_0D99($0D9F)
 2673/ DA5 : C0 EC                              RRC     R12
 2674/ DA7 : C0 ED                              RRC     R13
 2675/ DA9 : E0 1A                              RR      PITCH_ENV
 2676/ DAB : FB 04                              JR      NC, .L_0DB1
 2677/ DAD : 02 DB                              ADD     R13, R11
 2678/ DAF : 12 CA                              ADC     R12, R10
 2679/ DB1 :                            .L_0DB1:                                ; called from: .L_0DA5($0DAB)
 2680/ DB1 : C0 EC                              RRC     R12
 2681/ DB3 : C0 ED                              RRC     R13
 2682/ DB5 : E0 1A                              RR      PITCH_ENV
 2683/ DB7 : FB 04                              JR      NC, .mul_exsla_bit0
 2684/ DB9 : 02 DB                              ADD     R13, R11
 2685/ DBB : 12 CA                              ADC     R12, R10
 2686/ DBD :                            .mul_exsla_bit0:                                ; 1 refs
 2687/ DBD : C0 EC                              RRC     R12
 2688/ DBF : C0 ED                              RRC     R13
 2689/ DC1 : 66 12 40                           TCM     PITCH_HI, #40h
 2690/ DC4 : EB 05                              JR      NZ, .mul_exsla_bit1
 2691/ DC6 : CF                                 RCF
 2692/ DC7 : C0 EC                              RRC     R12
 2693/ DC9 : C0 ED                              RRC     R13
 2694/ DCB :                            .mul_exsla_bit1:                                ; 1 refs
 2695/ DCB : 66 12 80                           TCM     PITCH_HI, #80h
 2696/ DCE : EB 09                              JR      NZ, .modulation_dir_check
 2697/ DD0 : CF                                 RCF
 2698/ DD1 : C0 EC                              RRC     R12
 2699/ DD3 : C0 ED                              RRC     R13
 2700/ DD5 : D0 EC                              SRA     R12
 2701/ DD7 : C0 ED                              RRC     R13
 2702/ DD9 :                            .modulation_dir_check:                                ; 1 refs
 2703/ DD9 : 66 1A 01                           TCM     PITCH_ENV, #01h
 2704/ DDC : EB 08                              JR      NZ, .L_0DE6
 2705/ DDE : 32 BD                              SBC     R11, R13
 2706/ DE0 : 32 AC                              SBC     R10, R12
 2707/ DE2 : C8 EA                              LD      R12, R10
 2708/ DE4 : 8B 07                              JR      finalize_output.check_underflow
 2709/ DE6 :                            .L_0DE6:                                ; called from: .modulation_dir_check($0DDC)
 2710/ DE6 : 12 BD                              ADC     R11, R13
 2711/ DE8 : 12 CA                              ADC     R12, R10
 2712/ DEA : 7D 0F 80                           JP      C, finalize_output.overflow_shift; returns to pitch_output
 2713/ DED :                            finalize_output.check_underflow:                                ; 2 refs
 2714/ DED : D8 10                              LD      R13, MODE
 2715/ DEF : 56 ED 0F                           AND     R13, #0Fh
 2716/ DF2 : A6 EC 1E                           CP      R12, #1Eh
 2717/ DF5 : 7D 0F 92                           JP      C, finalize_output.underflow_shift; returns to pitch_output[.underflow_shift_entry]
 2718/ DF8 :                            finalize_output.pitch_output:                                ; 6 refs
 2719/ DF8 :                            ; Paths from finalize.envelope and finalize.pitch_overflow join herepitch_output: prepare synthesis_output parameters
 2720/ DF8 :                            ; Inputs: R12 = multiply result high (magnitude), R11 = low byte
 2721/ DF8 :                            ;         R13 = sub mode (from check_underflow/normalize/overflow)
 2722/ DF8 :                            ; R11 bits 7:5 select fractional freq dither pattern from ROM table at $0232.
 2723/ DF8 :                            ; Dither pattern stored in SPH, rotated each IRQ4 for sub-sample pitch accuracy.
 2724/ DF8 : AC 02                              LD      R10, #02h
 2725/ DFA : F0 EB                              SWAP    R11                             ; extract R11 bits 7:5: SWAP nibbles
 2726/ DFC : E0 EB                              RR      R11                             ; RR: bits 7:5 now at 2:0
 2727/ DFE : 56 EB 07                           AND     R11, #07h                       ; isolate 3-bit index (0-7)
 2728/ E01 : 06 EB 32                           ADD     R11, #32h                       ; table base $32 + index
 2729/ E04 : C2 BA                              LDC     R11, @RR10                      ; R11 = ROM[$0232+i] = fractional dither pattern (0-7 of 8 bits set)
 2730/ E06 :                            finalize_output.pitch_output.underflow_shift_entry:                                ; 1 refs
 2731/ E06 :                            ; 8th RR restores PITCH_ENV to original value after
 2732/ E06 :                            ; 7 RR's in pitch_apply/overflow multiply. Needed when ECLK is
 2733/ E06 :                            ; already pending or bus not free (PITCH_ENV not refreshed from Port 1).
 2734/ E06 :                            ; Also entry from underflow_shift cap (R12=$1E, R11=0 = no dither).
 2735/ E06 : E0 1A                              RR      PITCH_ENV
 2736/ E08 :                            ; Calculate synthesis mode table pointer
 2737/ E08 :                            ; R10 = R12 (save magnitude for synthesis_output pitch calc)
 2738/ E08 : A8 EC                              LD      R10, R12
 2739/ E0A : C8 10                              LD      R12, MODE
 2740/ E0C : 56 EC 30                           AND     R12, #30h
 2741/ E0F : 02 DC                              ADD     R13, R12                        ; R13 += mode_offset (\$20=ModeA, \$00=ModeB, \$10=ModeC)
 2742/ E11 : CC 01                              LD      R12, #01h                       ; R12 = 1 (for R13*3+1 computation)
 2743/ E13 : 02 CD                              ADD     R12, R13                        ; R12 = 1 + (sub + mode_offset)
 2744/ E15 : 90 ED                              RL      R13                             ; R13 = (sub + mode_offset) * 2
 2745/ E17 : 02 DC                              ADD     R13, R12                        ; R13 = (sub+mode_offset)*2 + 1 + (sub+mode_offset) = (sub+mode_offset)*3 + 1
 2746/ E19 :                            .f2_nyquist_gate:
 2747/ E19 :                            ; Anti-aliasing gate for Mode C ($F2 wrap DDS).
 2748/ E19 :                            ; T byte (param table byte0) is the phase increment (→ R14).
 2749/ E19 :                            ; If T*2 >= R15 (wrap point), the DDS completes a cycle in < 2 ticks
 2750/ E19 :                            ; — above Nyquist. Gate forces silence to prevent aliased noise.
 2751/ E19 :                            ; The frequency envelope can push pitch up until this gate fires,
 2752/ E19 :                            ; acting as an automatic upper-frequency cutoff.
 2753/ E19 : A6 1E F2                           CP      MICRO_OP_NEXT, #0F2h
 2754/ E1C : EB 0C                              JR      NZ, synthesis_loop_reentry      ; not $F2 → skip gate (only Mode C needs this check)
 2755/ E1E : CC 01                              LD      R12, #01h                       ; R12 = $01 (ROM high byte for param table at $01xx)
 2756/ E20 : C2 CC                              LDC     R12, @RR12                      ; R12 = ROM[$01:R13] = T byte = phase step for new sub-mode
 2757/ E22 : 90 EC                              RL      R12                             ; RL R12 → T * 2 (phase advance in 2 IRQ4 ticks)
 2758/ E24 : A2 CF                              CP      R12, WAVE_R15                   ; T*2 vs R15: C set if T*2 < R15 (at least 2 samples/cycle)
 2759/ E26 : 7B 02                              JR      C, synthesis_loop_reentry       ; T*2 < R15 → below Nyquist, normal operation
 2760/ E28 : DC 2E                              LD      R13, #2Eh                       ; T*2 >= R15 → above Nyquist! R13=$2E = silence (Mode C sub=15, op=$19)
 2761/ E2A :                            
 2762/ E2A :                            ; ============================================================
 2763/ E2A :                            ; === Synthesis loop re-entry (ECLK poll). R13 = param table index for synthesis_output (byte0 offset). Set by pitch_output or synthesis_pass_done ($0E2A) ===
 2764/ E2A :                            ; ============================================================
 2765/ E2A :                                    ORG     0E2Ah
 2766/ E2A :                            synthesis_loop_reentry:                                ; 7 refs
 2767/ E2A : 66 FA 02                           TCM     0FAh, #02h                      ; 0FA=IRQ (interrupt request)  ; test IRQ bit 1 (ECLK pending from COP or LFSR software set)
 2768/ E2D : 6B 33                              JR      Z, synthesis_output             ; ECLK pending → call synthesis_output
 2769/ E2F : 66 E2 04                           TCM     PORT2, #04h                     ; bus check: RARC bit 2 clear = bus available
 2770/ E32 : EB F6                              JR      NZ, synthesis_loop_reentry      ; bus busy → retry
 2771/ E34 : C8 E3                              LD      R12, PORT3                      ; stage 1: read Port 3 for EXSLA bits
 2772/ E36 : E0 EC                              RR      R12                             ; RR: shift EXSLA (bits 2:1) → bits 1:0
 2773/ E38 : F0 EC                              SWAP    R12                             ; SWAP: bits 1:0 → bits 5:4
 2774/ E3A : 56 EC 30                           AND     R12, #30h                       ; keep only bits 5:4 = EXSLA (staging position)
 2775/ E3D : 56 12 CF                           AND     PITCH_HI, #0CFh                 ; clear staging area in PITCH_HI (bits 5:4)
 2776/ E40 : 44 EC 12                           OR      PITCH_HI, R12                   ; merge EXSLA into PITCH_HI bits 5:4 (temporary)
 2777/ E43 : C8 E1                              LD      R12, PORT1                      ; read Port 1 = pitch envelope from master COP
 2778/ E45 : 66 E2 04                           TCM     PORT2, #04h                     ; re-check bus (may have changed during Port 1 read)
 2779/ E48 : EB E0                              JR      NZ, synthesis_loop_reentry      ; bus changed → restart (discard both EXSLA and pitch)
 2780/ E4A : 66 10 80                           TCM     MODE, #80h                      ; MODE bit 7: pitch envelope enable? (bit 7 CLEAR = no pitch tracking)
 2781/ E4D : EB DB                              JR      NZ, synthesis_loop_reentry      ; override set → restart (don't update pitch envelope)
 2782/ E4F : C9 1A                              LD      PITCH_ENV, R12                  ; commit: store pitch envelope (bus verified stable)
 2783/ E51 : C8 12                              LD      R12, PITCH_HI                   ; stage 2: promote EXSLA from bits 5:4 to final bits 7:6
 2784/ E53 : 90 EC                              RL      R12                             ; RL×2: shift bits 5:4 → bits 7:6
 2785/ E55 : 90 EC                              RL      R12
 2786/ E57 : 56 EC C0                           AND     R12, #0C0h                      ; keep only bits 7:6 = EXSLA (final position)
 2787/ E5A : 56 12 3F                           AND     PITCH_HI, #3Fh                  ; clear old bits 7:6 in PITCH_HI
 2788/ E5D : 44 EC 12                           OR      PITCH_HI, R12                   ; commit: merge EXSLA into PITCH_HI bits 7:6
 2789/ E60 : 8B C8                              JR      synthesis_loop_reentry          ; back to poll loop
 2790/ E62 :                            
 2791/ E62 :                            ; ============================================================
 2792/ E62 :                            ; === SYNTHESIS OUTPUT — parameter table read ($0E62) ===
 2793/ E62 :                            ; ============================================================
 2794/ E62 :                                    ORG     0E62h
 2795/ E62 :                            synthesis_output:                                ; 1 refs
 2796/ E62 :                            ; synthesis_output: read param table and switch micro-op mode.
 2797/ E62 :                            ; Inputs:
 2798/ E62 :                            ;   R13 = param table index (from pitch_output, points to Synthesis output param table byte0)
 2799/ E62 :                            ;   R11 = fractional dither pattern (from pitch_output ROM[$0232+i])
 2800/ E62 :                            ;   R10 = multiply result magnitude (from R12 at pitch_output)
 2801/ E62 :                            ; ROM[$01:R13] = 3-byte entry: byte0=T (timer/freq step), byte1=micro-op, byte2=PRE0.
 2802/ E62 :                            ; 
 2803/ E62 :                            ; T byte determines which mode family the new sub belongs to:
 2804/ E62 :                            ;   T >= $40: oversampled modes (8x/4x/2x). Timer runs at T=$80.
 2805/ E62 :                            ;   T <  $40: direct 1x DDS mode ($C4). Timer runs at T=$01-$20.
 2806/ E62 :                            ; 
 2807/ E62 :                            ; UPPER PATH (T>=$40 → oversampled modes, sub 0-7):
 2808/ E62 :                            ;   Reads byte1 (new micro-op: $20/$82/$AC).
 2809/ E62 :                            ;   If reg[$1E]<$C4 (already oversampled): just update reg[$1E]. No R5 change.
 2810/ E62 :                            ;     The running chain picks up new reg[$1E] via LD R5,reg[$1E] at chain end.
 2811/ E62 :                            ;   If reg[$1E]>=$C4 (was 1x DDS): .switch_to_oversampling: DI, R14=R15=waveform[PHASE],
 2812/ E62 :                            ;     force R5 to new oversample chain. Safe transition: R14/R15 primed as samples.
 2813/ E62 :                            ; 
 2814/ E62 :                            ; LOWER PATH (T<$40 → 1x DDS, sub 8+):
 2815/ E62 :                            ;   If reg[$1E]>=$C4 (already 1x DDS): update R14=T (new freq step), update reg[$1E].
 2816/ E62 :                            ;     No R5 change needed — $C4 reloads R5 from reg[$1E] every IRQ4.
 2817/ E62 :                            ;   If reg[$1E]<$C4 (was oversampled): .switch_to_direct_sampling: DI, R14=T, force R5=$C4.
 2818/ E62 :                            ;     Chain transitions are safe: chain runs to last step before reading new reg[$1E].
 2819/ E62 :                            ;     Race only when R5=$19 (micro_init): sets R7=$40, then $C4 reads 40h($40)=CRASH.
 2820/ E62 :                            ;     See WIP_ocean_crash.md.
 2821/ E62 : 56 FA FD                           AND     0FAh, #0FDh                     ; 0FA=IRQ (interrupt request)
 2822/ E65 : CC 01                              LD      R12, #01h                       ; R12=$01: ROM high byte for param table at $01xx
 2823/ E67 : B9 FE                              LD      0FEh, R11                       ; 0FE=SPH (phase accumulator high)  ; save dither pattern to SPH — IRQ4 rotates SPH, carry dithers T0 ±1
 2824/ E69 : C2 BC                              LDC     R11, @RR12                      ; byte0 = T (timer reload for oversampled / freq step for 1x DDS)
 2825/ E6B : DE                                 INC     R13                             ; advance to byte1
 2826/ E6C : A6 EB 40                           CP      R11, #40h                       ; T >= $40? split oversampled vs 1x DDS
 2827/ E6F : 7B 11                              JR      C, .no_oversampling             ; T < $40 → 1x DDS path (sub 8+)
 2828/ E71 :                            .oversampling:
 2829/ E71 : C2 BC                              LDC     R11, @RR12                      ; byte1 = new oversample micro-op ($20/$82/$AC)
 2830/ E73 : A6 1E C4                           CP      MICRO_OP_NEXT, #0C4h            ; currently in 1x DDS mode? (reg[$1E] >= $C4)
 2831/ E76 : 7B 1C                              JR      C, .synthesis_output_common     ; already oversampled → common (no R5 override); was 1x DDS → switch_to_oversampling
 2832/ E78 :                            .switch_to_oversampling:
 2833/ E78 : 8F                                 DI
 2834/ E79 : C7 F7 40                           LD      WAVE_R15, 40h(PHASE)            ; R15 = current waveform sample at PHASE
 2835/ E7C : E8 EF                              LD      WAVE_R14, WAVE_R15              ; R14 = R15 (both primed for oversample chain working registers)
 2836/ E7E : 58 EB                              LD      MICRO_OP, R11                   ; force R5 = new oversample micro-op
 2837/ E80 : 8B 12                              JR      .synthesis_output_common
 2838/ E82 :                            .no_oversampling:                                ; 1 refs
 2839/ E82 : A6 1E C4                           CP      MICRO_OP_NEXT, #0C4h            ; T < $40: currently in 1x DDS? (reg[$1E] >= $C4)
 2840/ E85 : 7B 06                              JR      C, .switch_to_direct_sampling   ; was oversampled → switch_to_direct_sampling; already 1x DDS → update_phase_increment
 2841/ E87 :                            .update_phase_increment:
 2842/ E87 : E8 EB                              LD      WAVE_R14, R11                   ; 1x DDS steady: update R14 = T = new freq step
 2843/ E89 : C2 BC                              LDC     R11, @RR12                      ; byte1 = $C4 (same mode, new freq step only)
 2844/ E8B : 8B 07                              JR      .synthesis_output_common        ; update reg[$1E], R5 unchanged — $C4 reloads from reg[$1E] each IRQ4
 2845/ E8D :                            .switch_to_direct_sampling:                                ; 1 refs
 2846/ E8D : 8F                                 DI
 2847/ E8E : E8 EB                              LD      WAVE_R14, R11                   ; R14 = T = freq step for 1x DDS
 2848/ E90 : C2 BC                              LDC     R11, @RR12                      ; byte1 = $C4 (micro_1x_dds)
 2849/ E92 : 58 EB                              LD      MICRO_OP, R11                   ; force R5=$C4 — if IRQ4 ran micro_init before DI, R7=$40 → CRASH
 2850/ E94 :                            .synthesis_output_common:                                ; 3 refs
 2851/ E94 : B9 1E                              LD      MICRO_OP_NEXT, R11              ; reg[$1E] = new micro-op for next IRQ4 dispatch
 2852/ E96 : 9F                                 EI
 2853/ E97 : DE                                 INC     R13                             ; advance to byte2
 2854/ E98 : C2 CC                              LDC     R12, @RR12                      ; byte2 = PRE0 (timer prescaler: bits 7:2 = divisor, 0=64)
 2855/ E9A : C9 F5                              LD      0F5h, R12                       ; 0F5=PRE0 (timer 0 prescaler)  ; set timer prescaler hardware register
 2856/ E9C :                            ; Set pitch from normalized multiply result (NOT the T byte!).
 2857/ E9C :                            ; R10 = high byte of ACC * PITCH_coeff / 2048, normalized to >= $1E.
 2858/ E9C :                            ; This IS the actual pitch: timer period = R10 * prescaler * 4 ext clocks.
 2859/ E9C :                            ; IRQ4 dithers ±1 via SPH for fractional pitch (3 extra bits from R11).
 2860/ E9C : A9 1D                              LD      TIMER_VAL, R10
 2861/ E9E : 68 EA                              LD      TIMER_LOAD, R10                 ; TIMER_LOAD = R10. IRQ1 writes TIMER_LOAD→T0 to start timer
 2862/ EA0 : 66 FC 01                           TCM     0FCh, #01h                      ; 0FC=FLAGS (flags register)  ; FLAGS bit 0: 0→interpreter (normal), 1→pass_done (first pass only)
 2863/ EA3 : ED 05 8E                           JP      NZ, micro_program_interpreter
 2864/ EA6 :                            .synthesis_pass_done:
 2865/ EA6 :                            ; synthesis_pass_done: runs ONCE at end of initial RAUD setup.
 2866/ EA6 :                            ; OR IMR,#$02: enable IRQ1 (ECLK input on P3.3) — wait for COP's first ECLK.
 2867/ EA6 :                            ; When COP sends the next ECLK pulse, irq1_handler fires:
 2868/ EA6 :                            ;   loads T0 timer, starts T0, enables IRQ4, forces first IRQ4
 2869/ EA6 :                            ;   → micro-op dispatch begins → DAC output starts.
 2870/ EA6 :                            ; After this one-shot, FLAGS bit 0 is cleared → subsequent passes go
 2871/ EA6 :                            ; through micro_program_interpreter instead (normal synthesis loop).
 2872/ EA6 : 46 FB 02                           OR      0FBh, #02h                      ; 0FB=IMR (interrupt mask)
 2873/ EA9 : 9F                                 EI
 2874/ EAA : E6 F8 0C                           LD      0F8h, #0Ch                      ; 0F8=P01M (port 0/1 mode)  ; set P01M to output mode (Port 0 = DAC data, Port 1 = bus)
 2875/ EAD : B6 E2 07                           XOR     PORT2, #07h                     ; toggle Port 2 bus control bits (release slave RAM bus)
 2876/ EB0 : E6 F6 04                           LD      0F6h, #04h                      ; 0F6=P2M (port 2 mode / RARC)  ; set P2M for RARC operation
 2877/ EB3 : 56 FC FE                           AND     0FCh, #0FEh                     ; 0FC=FLAGS (flags register)  ; clear FLAGS bit 0 → next synthesis_output_common goes to interpreter, not here
 2878/ EB6 : B8 FE                              LD      R11, 0FEh                       ; 0FE=SPH (phase accumulator high)  ; restore R11 = dither pattern from SPH
 2879/ EB8 : 26 ED 02                           SUB     R13, #02h                       ; R13 -= 2: undo the 2x INC in synthesis_output → R13 back to byte0 offset
 2880/ EBB : 8D 0E 2A                           JP      synthesis_loop_reentry          ; → synthesis_loop_reentry: poll for ECLK, then call synthesis_output
 2881/ EBE :                            
 2882/ EBE :                            ; ============================================================
 2883/ EBE :                            ; === IRQ1 — Timer Setup (ECLK-triggered) ($0EBE) ===
 2884/ EBE :                            ; ============================================================
 2885/ EBE :                                    ORG     0EBEh
 2886/ EBE :                            irq1_handler:
 2887/ EBE :                            ; irq1_handler: triggered by ECLK (COP envelope clock, ~200Hz per voice).
 2888/ EBE :                            ; LD T0, TIMER_LOAD: load T0 counter with R6 (base pitch value).
 2889/ EBE :                            ; Starts timer T0 which generates IRQ4 at the sample rate.
 2890/ EBE :                            ; Only fires ONCE per ECLK cycle (disables IRQ1, enables IRQ4).
 2891/ EBE :                            ; After IRET, IRQ4 fires immediately (forced pending) → first micro-op runs.
 2892/ EBE : 69 F4                              LD      0F4h, TIMER_LOAD                ; 0F4=T0 (timer 0 counter)
 2893/ EC0 : 46 F1 03                           OR      0F1h, #03h                      ; 0F1=TMR (timer mode register)  ; start T0 timer with T_OUT toggle (TMR bits 1:0 = $03)
 2894/ EC3 : 58 1E                              LD      MICRO_OP, MICRO_OP_NEXT         ; R5 = reg[$1E] — load current micro-op for IRQ4 dispatch
 2895/ EC5 : 56 FB FD                           AND     0FBh, #0FDh                     ; 0FB=IMR (interrupt mask)  ; disable IRQ1 (one-shot: don't re-trigger until next synthesis_pass_done)
 2896/ EC8 : 46 FB 10                           OR      0FBh, #10h                      ; 0FB=IMR (interrupt mask)  ; enable IRQ4 (timer T0 interrupt → micro-op dispatch at sample rate)
 2897/ ECB : 46 FA 10                           OR      0FAh, #10h                      ; 0FA=IRQ (interrupt request)  ; force IRQ4 pending → first micro-op fires immediately after IRET
 2898/ ECE : BF                                 IRET
 2899/ ECF :                            
 2900/ ECF :                            ; ============================================================
 2901/ ECF :                            ; === Overflow path: result > 16 bits. Halve + re-apply PITCH_ENV. Should rarely fire with correct ACC base ($0ECF) ===
 2902/ ECF :                            ; ============================================================
 2903/ ECF :                                    ORG     0ECFh
 2904/ ECF :                            finalize.pitch_overflow:                                ; 1 refs
 2905/ ECF : C0 EA                              RRC     R10
 2906/ ED1 : C0 EB                              RRC     R11
 2907/ ED3 : A4 E4 1A                           CP      PITCH_ENV, ZERO
 2908/ ED6 : 6D 0F 6B                           JP      Z, .overflow_shift_check
 2909/ ED9 : B0 EC                              CLR     R12
 2910/ EDB : B0 ED                              CLR     R13
 2911/ EDD : E0 1A                              RR      PITCH_ENV
 2912/ EDF : FB 04                              JR      NC, .L_0EE5
 2913/ EE1 : 02 DB                              ADD     R13, R11
 2914/ EE3 : 12 CA                              ADC     R12, R10
 2915/ EE5 :                            .L_0EE5:                                ; called from: finalize.pitch_overflow($0EDF)
 2916/ EE5 : C0 EC                              RRC     R12
 2917/ EE7 : C0 ED                              RRC     R13
 2918/ EE9 : E0 1A                              RR      PITCH_ENV
 2919/ EEB : FB 04                              JR      NC, .L_0EF1
 2920/ EED : 02 DB                              ADD     R13, R11
 2921/ EEF : 12 CA                              ADC     R12, R10
 2922/ EF1 :                            .L_0EF1:                                ; called from: .L_0EE5($0EEB)
 2923/ EF1 : C0 EC                              RRC     R12
 2924/ EF3 : C0 ED                              RRC     R13
 2925/ EF5 : E0 1A                              RR      PITCH_ENV
 2926/ EF7 : FB 04                              JR      NC, .L_0EFD
 2927/ EF9 : 02 DB                              ADD     R13, R11
 2928/ EFB : 12 CA                              ADC     R12, R10
 2929/ EFD :                            .L_0EFD:                                ; called from: .L_0EF1($0EF7)
 2930/ EFD : C0 EC                              RRC     R12
 2931/ EFF : C0 ED                              RRC     R13
 2932/ F01 : E0 1A                              RR      PITCH_ENV
 2933/ F03 : FB 04                              JR      NC, .L_0F09
 2934/ F05 : 02 DB                              ADD     R13, R11
 2935/ F07 : 12 CA                              ADC     R12, R10
 2936/ F09 :                            .L_0F09:                                ; called from: .L_0EFD($0F03)
 2937/ F09 : C0 EC                              RRC     R12
 2938/ F0B : C0 ED                              RRC     R13
 2939/ F0D : E0 1A                              RR      PITCH_ENV
 2940/ F0F : FB 04                              JR      NC, .L_0F15
 2941/ F11 : 02 DB                              ADD     R13, R11
 2942/ F13 : 12 CA                              ADC     R12, R10
 2943/ F15 :                            .L_0F15:                                ; called from: .L_0F09($0F0F)
 2944/ F15 : C0 EC                              RRC     R12
 2945/ F17 : C0 ED                              RRC     R13
 2946/ F19 : E0 1A                              RR      PITCH_ENV
 2947/ F1B : FB 04                              JR      NC, .L_0F21
 2948/ F1D : 02 DB                              ADD     R13, R11
 2949/ F1F : 12 CA                              ADC     R12, R10
 2950/ F21 :                            .L_0F21:                                ; called from: .L_0F15($0F1B)
 2951/ F21 : C0 EC                              RRC     R12
 2952/ F23 : C0 ED                              RRC     R13
 2953/ F25 : E0 1A                              RR      PITCH_ENV
 2954/ F27 : FB 04                              JR      NC, .mul_exsla_bit0
 2955/ F29 : 02 DB                              ADD     R13, R11
 2956/ F2B : 12 CA                              ADC     R12, R10
 2957/ F2D :                            .mul_exsla_bit0:                                ; 1 refs
 2958/ F2D : C0 EC                              RRC     R12
 2959/ F2F : C0 ED                              RRC     R13
 2960/ F31 : 66 12 40                           TCM     PITCH_HI, #40h
 2961/ F34 : EB 05                              JR      NZ, .mul_exsla_bit1
 2962/ F36 : CF                                 RCF
 2963/ F37 : C0 EC                              RRC     R12
 2964/ F39 : C0 ED                              RRC     R13
 2965/ F3B :                            .mul_exsla_bit1:                                ; 1 refs
 2966/ F3B : 66 12 80                           TCM     PITCH_HI, #80h
 2967/ F3E : EB 09                              JR      NZ, .modulation_dir_check
 2968/ F40 : CF                                 RCF
 2969/ F41 : C0 EC                              RRC     R12
 2970/ F43 : C0 ED                              RRC     R13
 2971/ F45 : D0 EC                              SRA     R12
 2972/ F47 : C0 ED                              RRC     R13
 2973/ F49 :                            .modulation_dir_check:                                ; 1 refs
 2974/ F49 : 66 1A 01                           TCM     PITCH_ENV, #01h
 2975/ F4C : EB 06                              JR      NZ, .L_0F54
 2976/ F4E : 32 BD                              SBC     R11, R13
 2977/ F50 : 32 AC                              SBC     R10, R12
 2978/ F52 : 8B 17                              JR      .overflow_shift_check
 2979/ F54 :                            .L_0F54:                                ; called from: .modulation_dir_check($0F4C)
 2980/ F54 : 12 BD                              ADC     R11, R13
 2981/ F56 : 12 CA                              ADC     R12, R10
 2982/ F58 : FB 13                              JR      NC, .overflow_shift_check_i
 2983/ F5A : C0 EC                              RRC     R12
 2984/ F5C : C0 EB                              RRC     R11
 2985/ F5E : D8 10                              LD      R13, MODE
 2986/ F60 : 56 ED 0F                           AND     R13, #0Fh
 2987/ F63 : 00 ED                              DEC     R13
 2988/ F65 : DB 0B                              JR      PL, .overflow_shift_check_ii
 2989/ F67 : DE                                 INC     R13
 2990/ F68 : 8D 0D F8                           JP      finalize_output.pitch_output
 2991/ F6B :                            .overflow_shift_check:                                ; 2 refs
 2992/ F6B : C8 EA                              LD      R12, R10
 2993/ F6D :                            .overflow_shift_check_i:                                ; 1 refs
 2994/ F6D : D8 10                              LD      R13, MODE
 2995/ F6F : 56 ED 0F                           AND     R13, #0Fh
 2996/ F72 :                            .overflow_shift_check_ii:                                ; 1 refs
 2997/ F72 : 00 ED                              DEC     R13
 2998/ F74 : DD 0D F8                           JP      PL, finalize_output.pitch_output
 2999/ F77 : DE                                 INC     R13
 3000/ F78 : 8D 0D F8                           JP      finalize_output.pitch_output
 3001/ F7B :                            finalize_output.check_underflow_ld_r12_r10:                                ; 1 refs
 3002/ F7B : C8 EA                              LD      R12, R10
 3003/ F7D : 8D 0D ED                           JP      finalize_output.check_underflow
 3004/ F80 :                            finalize_output.overflow_shift:                                ; 1 refs
 3005/ F80 : C0 EC                              RRC     R12
 3006/ F82 : C0 EB                              RRC     R11
 3007/ F84 : D8 10                              LD      R13, MODE                       ; reload sub from mode byte
 3008/ F86 : 56 ED 0F                           AND     R13, #0Fh
 3009/ F89 : 00 ED                              DEC     R13                             ; DEC sub — overflow means signal is too large for current sub
 3010/ F8B : DD 0D F8                           JP      PL, finalize_output.pitch_output; if sub still >= 0, use decremented sub
 3011/ F8E : DE                                 INC     R13                             ; sub went negative → restore to 0
 3012/ F8F : 8D 0D F8                           JP      finalize_output.pitch_output
 3013/ F92 :                            
 3014/ F92 :                            ; ============================================================
 3015/ F92 :                            ; === Normalize underflow: shift R12:R11 left until R12 >= $1E ($0F92) ===
 3016/ F92 :                            ; ============================================================
 3017/ F92 :                                    ORG     0F92h
 3018/ F92 :                            finalize_output.underflow_shift:                                ; 2 refs
 3019/ F92 :                            ; normalize: floating-point normalization of multiply result.
 3020/ F92 :                            ; R12:R11 = mantissa (multiply result), R13 = exponent (sub mode).
 3021/ F92 :                            ; Shifts mantissa left (x2) and INC exponent until R12 >= $1E.
 3022/ F92 :                            ; Each sub INCrement selects a faster timer / simpler micro-op chain.
 3023/ F92 :                            ; R11 bits 7:5 become the fractional dither index at pitch_output
 3024/ F92 :                            ; (3 bits of sub-sample pitch precision from the normalize remainder).
 3025/ F92 :                            ; Sub caps at $0F (15). If still < $1E at cap: force R12=$1E, R11=0
 3026/ F92 :                            ; (no dither = exact pitch, enters underflow_shift_entry skipping dither lookup).
 3027/ F92 : A6 ED 0F                           CP      R13, #0Fh
 3028/ F95 : FB 0E                              JR      NC, .L_0FA5                     ; sub < 15 → keep normalizing
 3029/ F97 : DE                                 INC     R13                             ; INC sub (exponent++)
 3030/ F98 : CF                                 RCF
 3031/ F99 : 10 EB                              RLC     R11                             ; RLC R11:R12 = mantissa x2 (shift bits up, dither bits accumulate in R11)
 3032/ F9B : 10 EC                              RLC     R12
 3033/ F9D : A6 EC 1E                           CP      R12, #1Eh                       ; R12 >= $1E? mantissa normalized → pitch_output (R11 has dither in bits 7:5)
 3034/ FA0 : FD 0D F8                           JP      NC, finalize_output.pitch_output
 3035/ FA3 : 8B ED                              JR      finalize_output.underflow_shift ; loop: keep shifting until normalized or capped
 3036/ FA5 :                            .L_0FA5:                                ; called from: finalize_output.underflow_shift($0F95)
 3037/ FA5 : CC 1E                              LD      R12, #1Eh                       ; cap: force R12=$1E (minimum normalized magnitude)
 3038/ FA7 : B0 EB                              CLR     R11                             ; R11=0 → SPH=$00 at synthesis_output → no timer dither (exact integer pitch)
 3039/ FA9 : 8D 0E 06                           JP      finalize_output.pitch_output.underflow_shift_entry; → underflow_shift_entry: skip dither table lookup, R11=0 passes through to SPH
 3040/ FAC : FF                                 NOP
 3041/ FAD : FF                                 NOP
 3042/ FAE : FF                                 NOP
 3043/ FAF : FF                                 NOP
 3044/ FB0 : FF                                 NOP
 3045/ FB1 : 8D 02 3A                           JP      init_full
 3046/ FB4 : FF                                 NOP
 3047/ FB5 : FF                                 NOP
 3048/ FB6 : FF                                 NOP
 3049/ FB7 : 8D 02 3A                           JP      init_full
 3050/ FBA : FF                                 NOP
 3051/ FBB : FF                                 NOP
 3052/ FBC : FF                                 NOP
 3053/ FBD : 8D 02 3A                           JP      init_full
 3054/ FC0 :                            
 3055/ FC0 :                            ; === Quarter-sine scaling LUT ===
 3056/ FC0 :                                    ORG     0FC0h
 3057/ FC0 : 03 06 09 0C                        DB      03h, 06h, 09h, 0Ch              ; [0]-[3]
 3058/ FC4 : 10 13 16 19                        DB      10h, 13h, 16h, 19h              ; [4]-[7]
 3059/ FC8 : 1C 1F 22 25                        DB      1Ch, 1Fh, 22h, 25h              ; [8]-[11]
 3060/ FCC : 28 2B 2E 31                        DB      28h, 2Bh, 2Eh, 31h              ; [12]-[15]
 3061/ FD0 : 33 36 39 3C                        DB      33h, 36h, 39h, 3Ch              ; [16]-[19]
 3062/ FD4 : 3F 41 44 47                        DB      3Fh, 41h, 44h, 47h              ; [20]-[23]
 3063/ FD8 : 49 4C 4E 51                        DB      49h, 4Ch, 4Eh, 51h              ; [24]-[27]
 3064/ FDC : 53 55 58 5A                        DB      53h, 55h, 58h, 5Ah              ; [28]-[31]
 3065/ FE0 : 5C 5E 60 62                        DB      5Ch, 5Eh, 60h, 62h              ; [32]-[35]
 3066/ FE4 : 64 66 68 6A                        DB      64h, 66h, 68h, 6Ah              ; [36]-[39]
 3067/ FE8 : 6B 6D 6F 70                        DB      6Bh, 6Dh, 6Fh, 70h              ; [40]-[43]
 3068/ FEC : 71 73 74 75                        DB      71h, 73h, 74h, 75h              ; [44]-[47]
 3069/ FF0 : 76 78 79 7A                        DB      76h, 78h, 79h, 7Ah              ; [48]-[51]
 3070/ FF4 : 7A 7B 7C 7D                        DB      7Ah, 7Bh, 7Ch, 7Dh              ; [52]-[55]
 3071/ FF8 : 7D 7E 7E 7E                        DB      7Dh, 7Eh, 7Eh, 7Eh              ; [56]-[59]
 3072/ FFC : 7F 7F 7F 7F                        DB      7Fh, 7Fh, 7Fh, 7Fh              ; [60]-[63]
 3073/1000 :                            
 3074/1000 :                                    END
  Symbol Table (* = unused):
  --------------------------
 ACC2_HI :                       14 - |  ACC2_LO :                       15 - |
 ACC3_HI :                       16 - |  ACC3_LO :                       17 - |
*ARCHITECTURE :                                      "x86_64-unknown-linux" - |
 BLOCK_CTR :                     1C - |  BRANCH_DISPATCH :              968 C |
 BRANCH_EQUAL :                 954 C |  BRANCH_GREATER :               947 C |
 BRANCH_LESS :                  95E C | *CASESENSITIVE :                  0 - |
*CMP_S_1415_IMM :               8DD C | *CMP_S_1617_IMM :               8D5 C |
*CMP_S_R8R9_IMM :               8CD C | *CMP_U_1415_1617 :              905 C |
*CMP_U_1415_IMM :               8E1 C | *CMP_U_1415_R8R9 :              90D C |
*CMP_U_1617_1415 :              8F5 C | *CMP_U_1617_IMM :               8D9 C |
*CMP_U_1617_R8R9 :              8FD C | *CMP_U_R8R9_1415 :              8ED C |
*CMP_U_R8R9_1617 :              8E5 C | *CMP_U_R8R9_IMM :               8D1 C |
 COMPARE_COMMON :               93A C |  COMPARE_SIGNED :               915 C |
 COMPARE_UNSIGNED :             92F C | *CONSTPI :     3.141592653589793239 - |
*DATE :                "21.04.2026" - | *FALSE :                          0 - |
*FINALIZE.PITCH_APPLY :        0D63 C |  FINALIZE.PITCH_APPLY.L_0D75 : 0D75 C |
 FINALIZE.PITCH_APPLY.L_0D81 : 0D81 C |  FINALIZE.PITCH_APPLY.L_0D8D : 0D8D C |
 FINALIZE.PITCH_APPLY.L_0D99 : 0D99 C |  FINALIZE.PITCH_APPLY.L_0DA5 : 0DA5 C |
 FINALIZE.PITCH_APPLY.L_0DB1 : 0DB1 C |  FINALIZE.PITCH_APPLY.L_0DE6 : 0DE6 C |
 FINALIZE.PITCH_APPLY.MODULATION_DIR_CHECK :                           0DD9 C |
 FINALIZE.PITCH_APPLY.MUL_EXSLA_BIT0 :                                 0DBD C |
 FINALIZE.PITCH_APPLY.MUL_EXSLA_BIT1 :                                 0DCB C |
 FINALIZE.PITCH_OVERFLOW :     0ECF C |
 FINALIZE.PITCH_OVERFLOW.L_0EE5 :                                      0EE5 C |
 FINALIZE.PITCH_OVERFLOW.L_0EF1 :                                      0EF1 C |
 FINALIZE.PITCH_OVERFLOW.L_0EFD :                                      0EFD C |
 FINALIZE.PITCH_OVERFLOW.L_0F09 :                                      0F09 C |
 FINALIZE.PITCH_OVERFLOW.L_0F15 :                                      0F15 C |
 FINALIZE.PITCH_OVERFLOW.L_0F21 :                                      0F21 C |
 FINALIZE.PITCH_OVERFLOW.L_0F54 :                                      0F54 C |
 FINALIZE.PITCH_OVERFLOW.MODULATION_DIR_CHECK :                        0F49 C |
 FINALIZE.PITCH_OVERFLOW.MUL_EXSLA_BIT0 :                              0F2D C |
 FINALIZE.PITCH_OVERFLOW.MUL_EXSLA_BIT1 :                              0F3B C |
 FINALIZE.PITCH_OVERFLOW.OVERFLOW_SHIFT_CHECK :                        0F6B C |
 FINALIZE.PITCH_OVERFLOW.OVERFLOW_SHIFT_CHECK_I :                      0F6D C |
 FINALIZE.PITCH_OVERFLOW.OVERFLOW_SHIFT_CHECK_II :                     0F72 C |
 FINALIZE_OUTPUT :             0CA5 C |
 FINALIZE_OUTPUT.CHECK_UNDERFLOW :                                     0DED C |
 FINALIZE_OUTPUT.CHECK_UNDERFLOW_LD_R12_R10 :                          0F7B C |
 FINALIZE_OUTPUT.ENTRY :       0CCA C |
 FINALIZE_OUTPUT.FINALIZE_CHECK :                                      0CBD C |
 FINALIZE_OUTPUT.FINALIZE_CLAMP_MAX :                                  0CC1 C |
 FINALIZE_OUTPUT.FINALIZE_RESET_COUNTER :                              0CC5 C |
 FINALIZE_OUTPUT.FINALIZE_SUB43_CHECK :                                0CB6 C |
 FINALIZE_OUTPUT.L_0CB2 :      0CB2 C |  FINALIZE_OUTPUT.MULTIPLY :    0CCC C |
 FINALIZE_OUTPUT.MULTIPLY.MUL_BIT1 :                                   0CDC C |
 FINALIZE_OUTPUT.MULTIPLY.MUL_BIT10 :                                  0D48 C |
 FINALIZE_OUTPUT.MULTIPLY.MUL_BIT11 :                                  0D54 C |
 FINALIZE_OUTPUT.MULTIPLY.MUL_BIT2 :                                   0CE8 C |
 FINALIZE_OUTPUT.MULTIPLY.MUL_BIT3 :                                   0CF4 C |
 FINALIZE_OUTPUT.MULTIPLY.MUL_BIT4 :                                   0D00 C |
 FINALIZE_OUTPUT.MULTIPLY.MUL_BIT5 :                                   0D0C C |
 FINALIZE_OUTPUT.MULTIPLY.MUL_BIT6 :                                   0D18 C |
 FINALIZE_OUTPUT.MULTIPLY.MUL_BIT7 :                                   0D24 C |
 FINALIZE_OUTPUT.MULTIPLY.MUL_BIT8 :                                   0D30 C |
 FINALIZE_OUTPUT.MULTIPLY.MUL_BIT9 :                                   0D3C C |
 FINALIZE_OUTPUT.MULTIPLY.MUL_OVERFLOW_CHECK :                         0D60 C |
 FINALIZE_OUTPUT.OVERFLOW_SHIFT :                                      0F80 C |
 FINALIZE_OUTPUT.PITCH_OUTPUT :                                        0DF8 C |
 FINALIZE_OUTPUT.PITCH_OUTPUT.UNDERFLOW_SHIFT_ENTRY :                  0E06 C |
*FINALIZE_OUTPUT.PITCH_OUTPUT.UNDERFLOW_SHIFT_ENTRY.F2_NYQUIST_GATE :  0E19 C |
 FINALIZE_OUTPUT.UNDERFLOW_SHIFT :                                     0F92 C |
 FINALIZE_OUTPUT.UNDERFLOW_SHIFT.L_0FA5 :                              0FA5 C |
*FLOATMAX :   1.18973149535725E4932 - | *HAS64 :                          1 - |
 INIT_ENABLE_IRQ :              250 C |  INIT_FULL :                    23A C |
 INIT_SRP :                     23C C |  INTERPRETER_REENTRY :          58C C |
*INTWIDTH :                      80 - | *IRQ1_HANDLER :                0EBE C |
*IRQ3_HANDLER :                 2E0 C |  IRQ3_HANDLER.CMD_DISPATCH :    326 C |
 IRQ3_HANDLER.CMD_FULL_SETUP :  3A5 C | *IRQ3_HANDLER.CMD_INIT :        302 C |
*IRQ3_HANDLER.CMD_RUN_PROG :    330 C |  IRQ3_HANDLER.CMD_STOP :        389 C |
 IRQ3_HANDLER.CMD_VOICE_PARAM_UPDATE :                                  374 C |
 IRQ3_HANDLER.LOAD_MICRO_PROGRAM :                                      3E9 C |
 IRQ3_HANDLER.L_031C :          31C C |  IRQ3_HANDLER.L_0356 :          356 C |
 IRQ3_HANDLER.L_0368 :          368 C |
 IRQ3_HANDLER.PITCH_ENV_FROM_ACC2 :                                     3D7 C |
*IRQ4_HANDLER :                  0F C |  LDEI_CHAIN_START :             25F C |
 LFSR_VIB_STATE :                11 - | *LISTON :                         1 - |
 LOOP1_CTR :                     18 - |  LOOP2_CTR :                     19 - |
 LOOP_BRANCH_TARGET :           9D5 C |  LOOP_COUNTER_CHECK :           9DD C |
 LOOP_RELOAD_CHECK :            9F2 C | *MACEXP :                         7 - |
*MICRO_1X_DDS :                 0C4 C | *MICRO_2X_STEP1 :               0AC C |
*MICRO_2X_STEP2 :               0B8 C | *MICRO_4X_STEP1 :                82 C |
*MICRO_4X_STEP2 :                8F C | *MICRO_4X_STEP3 :                9B C |
*MICRO_4X_STEP4 :               0A4 C | *MICRO_8X_STEP1 :                20 C |
*MICRO_8X_STEP2 :                2C C | *MICRO_8X_STEP3 :                37 C |
 MICRO_8X_STEP3.MICRO_LOOKUP_OVERFLOW :                                  41 C |
*MICRO_8X_STEP4 :                44 C | *MICRO_8X_STEP5 :                51 C |
*MICRO_8X_STEP6 :                5E C | *MICRO_8X_STEP7 :                6A C |
*MICRO_8X_STEP8 :                76 C | *MICRO_DUTY_DDS :               0CF C |
 MICRO_DUTY_DDS.L_00D9 :        0D9 C | *MICRO_DUTY_SKIP1 :             0DA C |
 MICRO_DUTY_SKIP1.SKIP_CONTINUE :                                       0E6 C |
*MICRO_DUTY_SKIP2 :             0E9 C |  MICRO_DUTY_SKIP2.L_00F1 :      0F1 C |
 MICRO_OP_NEXT :                 1E - |  MICRO_PROGRAM_INTERPRETER :    58E C |
 MICRO_PROGRAM_INTERPRETER.L_05A8 :                                     5A8 C |
 MICRO_PROGRAM_INTERPRETER.L_05B5 :                                     5B5 C |
*MICRO_SILENCE :                 19 C | *MICRO_WRAP_DDS :               0F2 C |
 MICRO_WRAP_DDS.L_00FC :        0FC C |  MODE :                          10 - |
*MOMCPU :                      8601 - | *MOMCPUNAME :               "Z8601" - |
 MULTIPLY_8X16_R8R9 :           74D C |  MULTIPLY_8X16_R8R9.L_0753 :    753 C |
 MULTIPLY_8X16_R8R9.L_075B :    75B C |  MULTIPLY_ACC_CORE_1415 :       845 C |
 MULTIPLY_ACC_CORE_1415.L_084B :                                        84B C |
 MULTIPLY_ACC_CORE_1415.L_0855 :                                        855 C |
 MULTIPLY_ACC_CORE_1617 :       814 C |
 MULTIPLY_ACC_CORE_1617.L_081A :                                        81A C |
 MULTIPLY_ACC_CORE_1617.L_0824 :                                        824 C |
 MULTIPLY_ACC_R8R9 :            7E9 C |  MULTIPLY_ACC_R8R9.L_07EF :     7EF C |
 MULTIPLY_ACC_R8R9.L_07F7 :     7F7 C |  MULTIPLY_TO_1415 :             7BB C |
 MULTIPLY_TO_1415.L_07C1 :      7C1 C |  MULTIPLY_TO_1415.L_07CB :      7CB C |
 MULTIPLY_TO_1617 :             783 C |  MULTIPLY_TO_1617.L_0789 :      789 C |
 MULTIPLY_TO_1617.L_0793 :      793 C | *NESTMAX :                      100 - |
*OP_ADD_1415_TO_1617 :          6D4 C | *OP_ADD_1415_TO_R8R9_SAT :      6BB C |
*OP_ADD_1617_TO_1415 :          6E6 C | *OP_ADD_1617_TO_R8R9 :          6B2 C |
*OP_ADD_IMM_TO_1415 :           6A1 C | *OP_ADD_IMM_TO_1617 :           690 C |
*OP_ADD_IMM_TO_R8R9 :           680 C | *OP_ADD_R8R9_TO_1415 :          6DD C |
*OP_ADD_R8R9_TO_1617 :          6CB C |  OP_COMPUTED_JUMP :             97B C |
 OP_COMPUTED_JUMP.L_098F :      98F C |  OP_COMPUTED_JUMP.L_099B :      99B C |
 OP_COMPUTED_JUMP.L_09A0 :      9A0 C |  OP_COMPUTED_JUMP.L_09A9 :      9A9 C |
 OP_COMPUTED_JUMP.L_09B2 :      9B2 C |  OP_COMPUTED_JUMP.L_09BA :      9BA C |
 OP_COMPUTED_JUMP.L_09C2 :      9C2 C | *OP_CONDITIONAL_COUNTER :      0A2D C |
 OP_CONDITIONAL_COUNTER.LOOP_SPECIAL :                                 0A3F C |
 OP_CONDITIONAL_COUNTER.LOOP_SPECIAL_CHECK_FF :                        0A4B C |
 OP_CONDITIONAL_COUNTER.LOOP_SPECIAL_DEC_1C :                          0A44 C |
*OP_COPY_1415_TO_1617 :         5F8 C | *OP_COPY_1415_TO_R8R9 :         5EB C |
*OP_COPY_1617_TO_1415 :         606 C | *OP_COPY_1617_TO_R8R9 :         5E4 C |
*OP_LFSR_MUL_1415 :            0C73 C |  OP_LFSR_MUL_1415.L_0C7B :     0C7B C |
 OP_LFSR_MUL_1415.L_0C88 :     0C88 C |  OP_LFSR_MUL_1415.L_0C92 :     0C92 C |
*OP_LFSR_MUL_1617 :            0C41 C |  OP_LFSR_MUL_1617.L_0C49 :     0C49 C |
 OP_LFSR_MUL_1617.L_0C56 :     0C56 C |  OP_LFSR_MUL_1617.L_0C60 :     0C60 C |
*OP_LFSR_NOISE :               0B94 C |  OP_LFSR_NOISE.CHECK_ZERO :    0BA9 C |
 OP_LFSR_NOISE.COEFF_EXIT :    0BF4 C |
 OP_LFSR_NOISE.COUNTER_NONZERO :                                       0BA5 C |
 OP_LFSR_NOISE.DIFF_NEG :      0C20 C |
 OP_LFSR_NOISE.FULL_LFSR_STEP :                                        0BB3 C |
 OP_LFSR_NOISE.MUL_LOOP :      0BFB C |  OP_LFSR_NOISE.MUL_SKIP :      0C02 C |
 OP_LFSR_NOISE.NO_FEEDBACK :   0BC2 C |  OP_LFSR_NOISE.SHORT_LFSR :    0BEC C |
 OP_LFSR_NOISE.STORE_STATE :   0C25 C | *OP_LOAD_1415 :                 5D7 C |
*OP_LOAD_1617 :                 5CA C | *OP_LOAD_R8R9 :                 5BC C |
*OP_LOOP_PRIMARY :              9C8 C | *OP_LOOP_RELOAD_18_FROM_14 :   0A13 C |
*OP_LOOP_RELOAD_18_FROM_16 :    9F9 C | *OP_LOOP_RELOAD_19_FROM_14 :   0A20 C |
*OP_LOOP_RELOAD_19_FROM_16 :   0A06 C | *OP_LOOP_SECONDARY :            9E3 C |
*OP_MUL14_ACC_1617 :            80B C | *OP_MUL14_ACC_R8R9 :            7E0 C |
*OP_MUL14_TO_1415 :             7B2 C | *OP_MUL14_TO_1617 :             77A C |
*OP_MUL16_ACC_1415 :            83C C | *OP_MUL16_ACC_R8R9 :            7DC C |
*OP_MULIMM_ACC_1415 :           840 C | *OP_MULIMM_ACC_1617 :           80F C |
*OP_MULIMM_ACC_R8R9 :           7E4 C | *OP_MULIMM_TO_1415 :            7B6 C |
*OP_MULIMM_TO_1617 :            77E C | *OP_MUL_1415_BY_IMM :           89D C |
 OP_MUL_1415_BY_IMM.L_08AD :    8AD C |  OP_MUL_1415_BY_IMM.L_08BD :    8BD C |
 OP_MUL_1415_BY_IMM.L_08C4 :    8C4 C | *OP_MUL_1617_BY_IMM :           86D C |
 OP_MUL_1617_BY_IMM.L_087D :    87D C |  OP_MUL_1617_BY_IMM.L_088D :    88D C |
 OP_MUL_1617_BY_IMM.L_0894 :    894 C | *OP_MUL_BY_11 :                 744 C |
*OP_MUL_BY_16 :                 740 C | *OP_MUL_BY_IMM :                748 C |
*OP_NEG14_MULTIPLY :            736 C | *OP_NEG14_MUL_TO_1617 :         76C C |
*OP_NEG14_MUL_TO_1617.NEG14_ZERO_FALLBACK :                             776 C |
*OP_NEG16_MULTIPLY :            72C C | *OP_NEG16_MUL_TO_1415 :         7A4 C |
*OP_NEG16_MUL_TO_1415.NEG16_ZERO_FALLBACK :                             7AE C |
*OP_NEG_1415 :                 0A72 C | *OP_NEG_1617 :                 0A69 C |
*OP_REGPAIR_OP_08 :             60F C | *OP_REGPAIR_OP_14 :             617 C |
*OP_REGPAIR_OP_16 :             613 C | *OP_STDLINEAR :                0A7B C |
 OP_STDLINEAR.ADVANCE_STAGE :  0AA7 C |
*OP_STDLINEAR.ALL_STAGES_DONE :                                        0AB2 C |
 OP_STDLINEAR.CHECK_DONE :     0A9A C |  OP_STDLINEAR.CHECK_SUSTAIN :  0A95 C |
 OP_STDLINEAR.LOAD_DURATION :  0A8D C |  OP_STDLINEAR.STAGE_RESUME :   0A85 C |
*OP_STORE_R8R9_TO_1415 :        600 C | *OP_STORE_R8R9_TO_1617 :        5F2 C |
*OP_SUB_1415_FROM_1617 :        711 C | *OP_SUB_1415_FROM_R8R9 :        6F8 C |
*OP_SUB_1617_FROM_1415 :        723 C | *OP_SUB_1617_FROM_R8R9 :        6EF C |
*OP_SUB_R8R9_FROM_1415 :        71A C | *OP_SUB_R8R9_FROM_1617 :        708 C |
*OP_SWAP_1415_1617 :           0A58 C | *OP_VIBRATO1 :                 0AC3 C |
 OP_VIBRATO1.L_0ADC :          0ADC C |  OP_VIBRATO1.VIB1_USE_COEFF2 : 0AEB C |
*OP_VIBRATO2 :                 0AF1 C |  OP_VIBRATO2.L_0B59 :          0B59 C |
 OP_VIBRATO2.L_0B63 :          0B63 C |  OP_VIBRATO2.VIB2_CLR_R8 :     0B8E C |
 OP_VIBRATO2.VIB2_EXIT :       0B81 C |  OP_VIBRATO2.VIB2_ITERATION :  0B20 C |
 OP_VIBRATO2.VIB2_LAST_ITER :  0B37 C |  OP_VIBRATO2.VIB2_NO_NEGATE :  0B47 C |
*OP_VIBRATO2.VIB2_SAVE_R9 :    0B08 C |
 OP_VIBRATO2.VIB2_SINE_LOOKUP :                                        0B3D C |
 PITCH_ENV :                     1A - |  PITCH_HI :                      12 - |
 PITCH_LO :                      13 - |  PROG_CTR :                      1B - |
 REGPAIR_DISPATCH_ENTRY :       619 C |
 REGPAIR_DISPATCH_ENTRY.L_063C :                                        63C C |
 REGPAIR_DISPATCH_ENTRY.L_0644 :                                        644 C |
 REGPAIR_DISPATCH_ENTRY.L_065E :                                        65E C |
 REGPAIR_DISPATCH_ENTRY.L_0664 :                                        664 C |
 REGPAIR_DISPATCH_ENTRY.REGPAIR_EXIT :                                  677 C |
*RELAXED :                        0 - | *RESET_ENTRY :                   0C C |
 SPIN_FOREVER :                 25D C |  SYNTHESIS_LOOP_ENTRY :         57B C |
 SYNTHESIS_LOOP_REENTRY :      0E2A C |  SYNTHESIS_MODE_A :             50E C |
 SYNTHESIS_MODE_A.L_0525 :      525 C |  SYNTHESIS_MODE_A.L_0553 :      553 C |
 SYNTHESIS_MODE_A.MODE_A_SUB9 : 54C C |
*SYNTHESIS_MODE_A.MODE_A_SUB_GT9 :                                      51E C |
 SYNTHESIS_MODE_A.MODE_A_SUB_LT9 :                                      576 C |
 SYNTHESIS_MODE_B :             4DD C |
 SYNTHESIS_MODE_B.WAVE_COPY_LOOP :                                      4EE C |
 SYNTHESIS_MODE_B.WAVE_LDEI_PATH :                                      502 C |
*SYNTHESIS_MODE_C :             412 C |  SYNTHESIS_MODE_C.DIV_BIT1 :    447 C |
 SYNTHESIS_MODE_C.DIV_BIT2 :    457 C |  SYNTHESIS_MODE_C.DIV_BIT3 :    467 C |
 SYNTHESIS_MODE_C.DIV_BIT4 :    477 C |  SYNTHESIS_MODE_C.DIV_BIT5 :    487 C |
 SYNTHESIS_MODE_C.DIV_BIT6 :    497 C |  SYNTHESIS_MODE_C.DIV_BIT7 :    4A7 C |
 SYNTHESIS_MODE_C.DIV_DONE :    4B7 C |  SYNTHESIS_MODE_C.FILL_LOOP :   4C6 C |
 SYNTHESIS_OUTPUT :            0E62 C |
 SYNTHESIS_OUTPUT.NO_OVERSAMPLING :                                    0E82 C |
*SYNTHESIS_OUTPUT.OVERSAMPLING :                                       0E71 C |
 SYNTHESIS_OUTPUT.SWITCH_TO_DIRECT_SAMPLING :                          0E8D C |
*SYNTHESIS_OUTPUT.SWITCH_TO_OVERSAMPLING :                             0E78 C |
 SYNTHESIS_OUTPUT.SYNTHESIS_OUTPUT_COMMON :                            0E94 C |
*SYNTHESIS_OUTPUT.SYNTHESIS_PASS_DONE :                                0EA6 C |
*SYNTHESIS_OUTPUT.UPDATE_PHASE_INCREMENT :                             0E87 C |
*TIME :                  "14:22:35" - |  TIMER_VAL :                     1D - |
*TRUE :                           1 - | *VERSION :                     142F - |
    324 symbols
    130 unused symbols
  Register Definitions (* = unused):
  ----------------------------------
 ACC_HI --> R8                        |  ACC_LO --> R9                       
 MICRO_OP --> R5                      |  PHASE --> R7                        
 PORT0_DAC --> R0                     |  PORT1 --> R1                        
 PORT2 --> R2                         |  PORT3 --> R3                        
 TIMER_LOAD --> R6                    |  WAVE_R14 --> R14                    
 WAVE_R15 --> R15                     |  ZERO --> R4                         
     12 definitions
  Code Pages:
  ----------
STANDARD (0 changed characters)
1 code page
0.03 seconds assembly time
   3075 lines source file
      2 passes
      0 errors
      0 warnings
